ISO-10303-21;
HEADER;
/* Generated by software containing ST-Developer
 * from STEP Tools, Inc. (www.steptools.com) 
 */

FILE_DESCRIPTION(
/* description */ (''),
/* implementation_level */ '2;1');

FILE_NAME(
/* name */ 'weather station.step',
/* time_stamp */ '2026-08-12T21:25:20+05:00',
/* author */ (''),
/* organization */ (''),
/* preprocessor_version */ 'ST-DEVELOPER v20.1',
/* originating_system */ 'Autodesk Translation Framework v15.8.0.0',
/* authorisation */ '');

FILE_SCHEMA (('AUTOMOTIVE_DESIGN { 1 0 10303 214 3 1 1 }'));
ENDSEC;

DATA;
#10=MECHANICAL_DESIGN_GEOMETRIC_PRESENTATION_REPRESENTATION('',(#13,#14,
#15,#16,#17,#18),#3773);
#11=SHAPE_REPRESENTATION_RELATIONSHIP('SRR','None',#3780,#12);
#12=ADVANCED_BREP_SHAPE_REPRESENTATION('',(#19,#20,#21,#22,#23,#24),#3772);
#13=STYLED_ITEM('',(#3790),#19);
#14=STYLED_ITEM('',(#3791),#20);
#15=STYLED_ITEM('',(#3792),#21);
#16=STYLED_ITEM('',(#3789),#22);
#17=STYLED_ITEM('',(#3789),#23);
#18=STYLED_ITEM('',(#3789),#24);
#19=MANIFOLD_SOLID_BREP('ESP32',#2301);
#20=MANIFOLD_SOLID_BREP('Battery',#2302);
#21=MANIFOLD_SOLID_BREP('Touch',#2303);
#22=MANIFOLD_SOLID_BREP('Case',#2304);
#23=MANIFOLD_SOLID_BREP('Touch indicator',#2305);
#24=MANIFOLD_SOLID_BREP('Lid',#2306);
#25=CYLINDRICAL_SURFACE('',#2334,1.);
#26=CYLINDRICAL_SURFACE('',#2341,1.);
#27=CYLINDRICAL_SURFACE('',#2342,1.);
#28=CYLINDRICAL_SURFACE('',#2345,1.);
#29=CYLINDRICAL_SURFACE('',#2376,1.5);
#30=CYLINDRICAL_SURFACE('',#2384,1.5);
#31=CYLINDRICAL_SURFACE('',#2386,1.5);
#32=CYLINDRICAL_SURFACE('',#2389,1.5);
#33=CYLINDRICAL_SURFACE('',#2401,1.);
#34=CYLINDRICAL_SURFACE('',#2405,1.);
#35=CYLINDRICAL_SURFACE('',#2409,1.);
#36=CYLINDRICAL_SURFACE('',#2413,1.);
#37=CYLINDRICAL_SURFACE('',#2423,1.5);
#38=CYLINDRICAL_SURFACE('',#2427,2.);
#39=CYLINDRICAL_SURFACE('',#2432,2.75);
#40=CYLINDRICAL_SURFACE('',#2436,3.50000000000001);
#41=CYLINDRICAL_SURFACE('',#2441,2.75);
#42=CYLINDRICAL_SURFACE('',#2445,3.50000000000001);
#43=CYLINDRICAL_SURFACE('',#2450,1.5);
#44=CYLINDRICAL_SURFACE('',#2454,2.);
#45=CYLINDRICAL_SURFACE('',#2469,1.5);
#46=CYLINDRICAL_SURFACE('',#2472,1.50000000000001);
#47=CYLINDRICAL_SURFACE('',#2491,1.49999999999999);
#48=CYLINDRICAL_SURFACE('',#2493,1.5);
#49=CIRCLE('',#2323,1.);
#50=CIRCLE('',#2324,1.);
#51=CIRCLE('',#2335,1.);
#52=CIRCLE('',#2337,1.);
#53=CIRCLE('',#2338,1.);
#54=CIRCLE('',#2339,1.);
#55=CIRCLE('',#2343,1.);
#56=CIRCLE('',#2346,1.);
#57=CIRCLE('',#2377,1.5);
#58=CIRCLE('',#2378,1.5);
#59=CIRCLE('',#2380,1.5);
#60=CIRCLE('',#2381,1.5);
#61=CIRCLE('',#2382,1.5);
#62=CIRCLE('',#2385,1.5);
#63=CIRCLE('',#2387,1.5);
#64=CIRCLE('',#2390,1.5);
#65=CIRCLE('',#2402,1.);
#66=CIRCLE('',#2403,1.);
#67=CIRCLE('',#2406,1.);
#68=CIRCLE('',#2407,1.);
#69=CIRCLE('',#2410,1.);
#70=CIRCLE('',#2411,1.);
#71=CIRCLE('',#2414,1.);
#72=CIRCLE('',#2415,1.);
#73=CIRCLE('',#2424,1.5);
#74=CIRCLE('',#2425,1.5);
#75=CIRCLE('',#2428,2.);
#76=CIRCLE('',#2429,2.);
#77=CIRCLE('',#2433,2.75);
#78=CIRCLE('',#2434,2.75);
#79=CIRCLE('',#2437,3.50000000000001);
#80=CIRCLE('',#2438,3.50000000000001);
#81=CIRCLE('',#2442,2.75);
#82=CIRCLE('',#2443,2.75);
#83=CIRCLE('',#2446,3.50000000000001);
#84=CIRCLE('',#2447,3.50000000000001);
#85=CIRCLE('',#2451,1.5);
#86=CIRCLE('',#2452,1.5);
#87=CIRCLE('',#2455,2.);
#88=CIRCLE('',#2456,2.);
#89=CIRCLE('',#2465,1.50000000000001);
#90=CIRCLE('',#2466,1.5);
#91=CIRCLE('',#2467,1.5);
#92=CIRCLE('',#2468,1.49999999999999);
#93=CIRCLE('',#2470,1.5);
#94=CIRCLE('',#2473,1.50000000000001);
#95=CIRCLE('',#2489,1.49999999999999);
#96=CIRCLE('',#2490,1.5);
#97=FACE_BOUND('',#241,.T.);
#98=FACE_BOUND('',#282,.T.);
#99=FACE_BOUND('',#291,.T.);
#100=FACE_BOUND('',#296,.T.);
#101=FACE_BOUND('',#308,.T.);
#102=FACE_BOUND('',#318,.T.);
#103=FACE_BOUND('',#322,.T.);
#104=FACE_BOUND('',#324,.T.);
#105=FACE_BOUND('',#350,.T.);
#106=FACE_BOUND('',#351,.T.);
#107=FACE_BOUND('',#352,.T.);
#108=FACE_BOUND('',#353,.T.);
#109=FACE_BOUND('',#367,.T.);
#110=FACE_BOUND('',#375,.T.);
#111=FACE_OUTER_BOUND('',#239,.T.);
#112=FACE_OUTER_BOUND('',#240,.T.);
#113=FACE_OUTER_BOUND('',#242,.T.);
#114=FACE_OUTER_BOUND('',#243,.T.);
#115=FACE_OUTER_BOUND('',#244,.T.);
#116=FACE_OUTER_BOUND('',#245,.T.);
#117=FACE_OUTER_BOUND('',#246,.T.);
#118=FACE_OUTER_BOUND('',#247,.T.);
#119=FACE_OUTER_BOUND('',#248,.T.);
#120=FACE_OUTER_BOUND('',#249,.T.);
#121=FACE_OUTER_BOUND('',#250,.T.);
#122=FACE_OUTER_BOUND('',#251,.T.);
#123=FACE_OUTER_BOUND('',#252,.T.);
#124=FACE_OUTER_BOUND('',#253,.T.);
#125=FACE_OUTER_BOUND('',#254,.T.);
#126=FACE_OUTER_BOUND('',#255,.T.);
#127=FACE_OUTER_BOUND('',#256,.T.);
#128=FACE_OUTER_BOUND('',#257,.T.);
#129=FACE_OUTER_BOUND('',#258,.T.);
#130=FACE_OUTER_BOUND('',#259,.T.);
#131=FACE_OUTER_BOUND('',#260,.T.);
#132=FACE_OUTER_BOUND('',#261,.T.);
#133=FACE_OUTER_BOUND('',#262,.T.);
#134=FACE_OUTER_BOUND('',#263,.T.);
#135=FACE_OUTER_BOUND('',#264,.T.);
#136=FACE_OUTER_BOUND('',#265,.T.);
#137=FACE_OUTER_BOUND('',#266,.T.);
#138=FACE_OUTER_BOUND('',#267,.T.);
#139=FACE_OUTER_BOUND('',#268,.T.);
#140=FACE_OUTER_BOUND('',#269,.T.);
#141=FACE_OUTER_BOUND('',#270,.T.);
#142=FACE_OUTER_BOUND('',#271,.T.);
#143=FACE_OUTER_BOUND('',#272,.T.);
#144=FACE_OUTER_BOUND('',#273,.T.);
#145=FACE_OUTER_BOUND('',#274,.T.);
#146=FACE_OUTER_BOUND('',#275,.T.);
#147=FACE_OUTER_BOUND('',#276,.T.);
#148=FACE_OUTER_BOUND('',#277,.T.);
#149=FACE_OUTER_BOUND('',#278,.T.);
#150=FACE_OUTER_BOUND('',#279,.T.);
#151=FACE_OUTER_BOUND('',#280,.T.);
#152=FACE_OUTER_BOUND('',#281,.T.);
#153=FACE_OUTER_BOUND('',#283,.T.);
#154=FACE_OUTER_BOUND('',#284,.T.);
#155=FACE_OUTER_BOUND('',#285,.T.);
#156=FACE_OUTER_BOUND('',#286,.T.);
#157=FACE_OUTER_BOUND('',#287,.T.);
#158=FACE_OUTER_BOUND('',#288,.T.);
#159=FACE_OUTER_BOUND('',#289,.T.);
#160=FACE_OUTER_BOUND('',#290,.T.);
#161=FACE_OUTER_BOUND('',#292,.T.);
#162=FACE_OUTER_BOUND('',#293,.T.);
#163=FACE_OUTER_BOUND('',#294,.T.);
#164=FACE_OUTER_BOUND('',#295,.T.);
#165=FACE_OUTER_BOUND('',#297,.T.);
#166=FACE_OUTER_BOUND('',#298,.T.);
#167=FACE_OUTER_BOUND('',#299,.T.);
#168=FACE_OUTER_BOUND('',#300,.T.);
#169=FACE_OUTER_BOUND('',#301,.T.);
#170=FACE_OUTER_BOUND('',#302,.T.);
#171=FACE_OUTER_BOUND('',#303,.T.);
#172=FACE_OUTER_BOUND('',#304,.T.);
#173=FACE_OUTER_BOUND('',#305,.T.);
#174=FACE_OUTER_BOUND('',#306,.T.);
#175=FACE_OUTER_BOUND('',#307,.T.);
#176=FACE_OUTER_BOUND('',#309,.T.);
#177=FACE_OUTER_BOUND('',#310,.T.);
#178=FACE_OUTER_BOUND('',#311,.T.);
#179=FACE_OUTER_BOUND('',#312,.T.);
#180=FACE_OUTER_BOUND('',#313,.T.);
#181=FACE_OUTER_BOUND('',#314,.T.);
#182=FACE_OUTER_BOUND('',#315,.T.);
#183=FACE_OUTER_BOUND('',#316,.T.);
#184=FACE_OUTER_BOUND('',#317,.T.);
#185=FACE_OUTER_BOUND('',#319,.T.);
#186=FACE_OUTER_BOUND('',#320,.T.);
#187=FACE_OUTER_BOUND('',#321,.T.);
#188=FACE_OUTER_BOUND('',#323,.T.);
#189=FACE_OUTER_BOUND('',#325,.T.);
#190=FACE_OUTER_BOUND('',#326,.T.);
#191=FACE_OUTER_BOUND('',#327,.T.);
#192=FACE_OUTER_BOUND('',#328,.T.);
#193=FACE_OUTER_BOUND('',#329,.T.);
#194=FACE_OUTER_BOUND('',#330,.T.);
#195=FACE_OUTER_BOUND('',#331,.T.);
#196=FACE_OUTER_BOUND('',#332,.T.);
#197=FACE_OUTER_BOUND('',#333,.T.);
#198=FACE_OUTER_BOUND('',#334,.T.);
#199=FACE_OUTER_BOUND('',#335,.T.);
#200=FACE_OUTER_BOUND('',#336,.T.);
#201=FACE_OUTER_BOUND('',#337,.T.);
#202=FACE_OUTER_BOUND('',#338,.T.);
#203=FACE_OUTER_BOUND('',#339,.T.);
#204=FACE_OUTER_BOUND('',#340,.T.);
#205=FACE_OUTER_BOUND('',#341,.T.);
#206=FACE_OUTER_BOUND('',#342,.T.);
#207=FACE_OUTER_BOUND('',#343,.T.);
#208=FACE_OUTER_BOUND('',#344,.T.);
#209=FACE_OUTER_BOUND('',#345,.T.);
#210=FACE_OUTER_BOUND('',#346,.T.);
#211=FACE_OUTER_BOUND('',#347,.T.);
#212=FACE_OUTER_BOUND('',#348,.T.);
#213=FACE_OUTER_BOUND('',#349,.T.);
#214=FACE_OUTER_BOUND('',#354,.T.);
#215=FACE_OUTER_BOUND('',#355,.T.);
#216=FACE_OUTER_BOUND('',#356,.T.);
#217=FACE_OUTER_BOUND('',#357,.T.);
#218=FACE_OUTER_BOUND('',#358,.T.);
#219=FACE_OUTER_BOUND('',#359,.T.);
#220=FACE_OUTER_BOUND('',#360,.T.);
#221=FACE_OUTER_BOUND('',#361,.T.);
#222=FACE_OUTER_BOUND('',#362,.T.);
#223=FACE_OUTER_BOUND('',#363,.T.);
#224=FACE_OUTER_BOUND('',#364,.T.);
#225=FACE_OUTER_BOUND('',#365,.T.);
#226=FACE_OUTER_BOUND('',#366,.T.);
#227=FACE_OUTER_BOUND('',#368,.T.);
#228=FACE_OUTER_BOUND('',#369,.T.);
#229=FACE_OUTER_BOUND('',#370,.T.);
#230=FACE_OUTER_BOUND('',#371,.T.);
#231=FACE_OUTER_BOUND('',#372,.T.);
#232=FACE_OUTER_BOUND('',#373,.T.);
#233=FACE_OUTER_BOUND('',#374,.T.);
#234=FACE_OUTER_BOUND('',#376,.T.);
#235=FACE_OUTER_BOUND('',#377,.T.);
#236=FACE_OUTER_BOUND('',#378,.T.);
#237=FACE_OUTER_BOUND('',#379,.T.);
#238=FACE_OUTER_BOUND('',#380,.T.);
#239=EDGE_LOOP('',(#1439,#1440,#1441,#1442));
#240=EDGE_LOOP('',(#1443,#1444,#1445,#1446,#1447,#1448,#1449,#1450,#1451,
#1452,#1453,#1454,#1455,#1456,#1457,#1458));
#241=EDGE_LOOP('',(#1459,#1460,#1461,#1462));
#242=EDGE_LOOP('',(#1463,#1464,#1465,#1466,#1467,#1468,#1469,#1470,#1471,
#1472));
#243=EDGE_LOOP('',(#1473,#1474,#1475,#1476));
#244=EDGE_LOOP('',(#1477,#1478,#1479,#1480));
#245=EDGE_LOOP('',(#1481,#1482,#1483,#1484));
#246=EDGE_LOOP('',(#1485,#1486,#1487,#1488));
#247=EDGE_LOOP('',(#1489,#1490,#1491,#1492));
#248=EDGE_LOOP('',(#1493,#1494,#1495,#1496));
#249=EDGE_LOOP('',(#1497,#1498,#1499,#1500));
#250=EDGE_LOOP('',(#1501,#1502,#1503,#1504));
#251=EDGE_LOOP('',(#1505,#1506,#1507,#1508));
#252=EDGE_LOOP('',(#1509,#1510,#1511,#1512));
#253=EDGE_LOOP('',(#1513,#1514,#1515,#1516,#1517,#1518,#1519,#1520));
#254=EDGE_LOOP('',(#1521,#1522,#1523,#1524));
#255=EDGE_LOOP('',(#1525,#1526,#1527,#1528));
#256=EDGE_LOOP('',(#1529,#1530,#1531,#1532));
#257=EDGE_LOOP('',(#1533,#1534,#1535,#1536));
#258=EDGE_LOOP('',(#1537,#1538,#1539,#1540));
#259=EDGE_LOOP('',(#1541,#1542,#1543,#1544,#1545,#1546));
#260=EDGE_LOOP('',(#1547,#1548,#1549,#1550,#1551,#1552));
#261=EDGE_LOOP('',(#1553,#1554,#1555,#1556,#1557,#1558));
#262=EDGE_LOOP('',(#1559,#1560,#1561,#1562));
#263=EDGE_LOOP('',(#1563,#1564,#1565,#1566));
#264=EDGE_LOOP('',(#1567,#1568,#1569,#1570));
#265=EDGE_LOOP('',(#1571,#1572,#1573,#1574));
#266=EDGE_LOOP('',(#1575,#1576,#1577,#1578));
#267=EDGE_LOOP('',(#1579,#1580,#1581,#1582,#1583,#1584,#1585,#1586));
#268=EDGE_LOOP('',(#1587,#1588,#1589,#1590,#1591,#1592,#1593,#1594));
#269=EDGE_LOOP('',(#1595,#1596,#1597,#1598));
#270=EDGE_LOOP('',(#1599,#1600,#1601,#1602));
#271=EDGE_LOOP('',(#1603,#1604,#1605,#1606));
#272=EDGE_LOOP('',(#1607,#1608,#1609,#1610));
#273=EDGE_LOOP('',(#1611,#1612,#1613,#1614));
#274=EDGE_LOOP('',(#1615,#1616,#1617,#1618));
#275=EDGE_LOOP('',(#1619,#1620,#1621,#1622));
#276=EDGE_LOOP('',(#1623,#1624,#1625,#1626));
#277=EDGE_LOOP('',(#1627,#1628,#1629,#1630));
#278=EDGE_LOOP('',(#1631,#1632,#1633,#1634));
#279=EDGE_LOOP('',(#1635,#1636,#1637,#1638));
#280=EDGE_LOOP('',(#1639,#1640,#1641,#1642));
#281=EDGE_LOOP('',(#1643,#1644,#1645,#1646));
#282=EDGE_LOOP('',(#1647,#1648,#1649,#1650));
#283=EDGE_LOOP('',(#1651,#1652,#1653,#1654));
#284=EDGE_LOOP('',(#1655,#1656,#1657,#1658));
#285=EDGE_LOOP('',(#1659,#1660,#1661,#1662));
#286=EDGE_LOOP('',(#1663,#1664,#1665,#1666));
#287=EDGE_LOOP('',(#1667,#1668,#1669,#1670));
#288=EDGE_LOOP('',(#1671,#1672,#1673,#1674));
#289=EDGE_LOOP('',(#1675,#1676,#1677,#1678));
#290=EDGE_LOOP('',(#1679,#1680,#1681,#1682,#1683,#1684,#1685,#1686));
#291=EDGE_LOOP('',(#1687,#1688,#1689,#1690));
#292=EDGE_LOOP('',(#1691,#1692,#1693,#1694));
#293=EDGE_LOOP('',(#1695,#1696,#1697,#1698));
#294=EDGE_LOOP('',(#1699,#1700,#1701,#1702));
#295=EDGE_LOOP('',(#1703,#1704,#1705,#1706));
#296=EDGE_LOOP('',(#1707,#1708,#1709,#1710));
#297=EDGE_LOOP('',(#1711,#1712,#1713,#1714));
#298=EDGE_LOOP('',(#1715,#1716,#1717,#1718));
#299=EDGE_LOOP('',(#1719,#1720,#1721,#1722));
#300=EDGE_LOOP('',(#1723,#1724,#1725,#1726));
#301=EDGE_LOOP('',(#1727,#1728,#1729,#1730));
#302=EDGE_LOOP('',(#1731,#1732,#1733,#1734));
#303=EDGE_LOOP('',(#1735,#1736,#1737,#1738));
#304=EDGE_LOOP('',(#1739,#1740,#1741,#1742));
#305=EDGE_LOOP('',(#1743,#1744,#1745,#1746));
#306=EDGE_LOOP('',(#1747,#1748,#1749,#1750));
#307=EDGE_LOOP('',(#1751,#1752,#1753,#1754));
#308=EDGE_LOOP('',(#1755,#1756,#1757,#1758));
#309=EDGE_LOOP('',(#1759,#1760,#1761,#1762));
#310=EDGE_LOOP('',(#1763,#1764,#1765,#1766));
#311=EDGE_LOOP('',(#1767,#1768,#1769,#1770));
#312=EDGE_LOOP('',(#1771,#1772,#1773,#1774));
#313=EDGE_LOOP('',(#1775,#1776,#1777,#1778));
#314=EDGE_LOOP('',(#1779,#1780,#1781,#1782));
#315=EDGE_LOOP('',(#1783,#1784,#1785,#1786));
#316=EDGE_LOOP('',(#1787,#1788,#1789,#1790));
#317=EDGE_LOOP('',(#1791,#1792,#1793,#1794));
#318=EDGE_LOOP('',(#1795,#1796,#1797,#1798,#1799,#1800,#1801,#1802));
#319=EDGE_LOOP('',(#1803,#1804,#1805,#1806));
#320=EDGE_LOOP('',(#1807,#1808,#1809,#1810));
#321=EDGE_LOOP('',(#1811,#1812,#1813,#1814));
#322=EDGE_LOOP('',(#1815,#1816,#1817,#1818,#1819,#1820,#1821,#1822));
#323=EDGE_LOOP('',(#1823,#1824,#1825,#1826,#1827,#1828,#1829,#1830));
#324=EDGE_LOOP('',(#1831,#1832,#1833,#1834));
#325=EDGE_LOOP('',(#1835,#1836,#1837,#1838));
#326=EDGE_LOOP('',(#1839,#1840,#1841,#1842));
#327=EDGE_LOOP('',(#1843,#1844,#1845,#1846));
#328=EDGE_LOOP('',(#1847,#1848,#1849,#1850));
#329=EDGE_LOOP('',(#1851,#1852,#1853,#1854));
#330=EDGE_LOOP('',(#1855,#1856,#1857,#1858));
#331=EDGE_LOOP('',(#1859,#1860,#1861,#1862));
#332=EDGE_LOOP('',(#1863,#1864,#1865,#1866));
#333=EDGE_LOOP('',(#1867,#1868,#1869,#1870));
#334=EDGE_LOOP('',(#1871,#1872,#1873,#1874));
#335=EDGE_LOOP('',(#1875,#1876,#1877,#1878));
#336=EDGE_LOOP('',(#1879,#1880,#1881,#1882));
#337=EDGE_LOOP('',(#1883,#1884,#1885,#1886));
#338=EDGE_LOOP('',(#1887,#1888,#1889,#1890));
#339=EDGE_LOOP('',(#1891,#1892,#1893,#1894));
#340=EDGE_LOOP('',(#1895,#1896,#1897,#1898));
#341=EDGE_LOOP('',(#1899,#1900,#1901,#1902));
#342=EDGE_LOOP('',(#1903,#1904,#1905,#1906));
#343=EDGE_LOOP('',(#1907,#1908,#1909,#1910));
#344=EDGE_LOOP('',(#1911,#1912,#1913,#1914));
#345=EDGE_LOOP('',(#1915,#1916,#1917,#1918));
#346=EDGE_LOOP('',(#1919,#1920,#1921,#1922));
#347=EDGE_LOOP('',(#1923,#1924,#1925,#1926));
#348=EDGE_LOOP('',(#1927,#1928,#1929,#1930));
#349=EDGE_LOOP('',(#1931,#1932,#1933,#1934));
#350=EDGE_LOOP('',(#1935,#1936,#1937,#1938));
#351=EDGE_LOOP('',(#1939,#1940,#1941,#1942));
#352=EDGE_LOOP('',(#1943,#1944,#1945,#1946));
#353=EDGE_LOOP('',(#1947,#1948,#1949,#1950));
#354=EDGE_LOOP('',(#1951,#1952,#1953,#1954));
#355=EDGE_LOOP('',(#1955,#1956,#1957,#1958,#1959,#1960,#1961,#1962));
#356=EDGE_LOOP('',(#1963,#1964,#1965,#1966,#1967));
#357=EDGE_LOOP('',(#1968,#1969,#1970,#1971,#1972));
#358=EDGE_LOOP('',(#1973,#1974,#1975,#1976));
#359=EDGE_LOOP('',(#1977,#1978,#1979,#1980));
#360=EDGE_LOOP('',(#1981,#1982,#1983,#1984));
#361=EDGE_LOOP('',(#1985,#1986,#1987,#1988));
#362=EDGE_LOOP('',(#1989,#1990,#1991,#1992));
#363=EDGE_LOOP('',(#1993,#1994,#1995,#1996));
#364=EDGE_LOOP('',(#1997,#1998,#1999,#2000));
#365=EDGE_LOOP('',(#2001,#2002,#2003,#2004));
#366=EDGE_LOOP('',(#2005,#2006,#2007,#2008));
#367=EDGE_LOOP('',(#2009,#2010,#2011,#2012));
#368=EDGE_LOOP('',(#2013,#2014,#2015,#2016));
#369=EDGE_LOOP('',(#2017,#2018,#2019,#2020));
#370=EDGE_LOOP('',(#2021,#2022,#2023,#2024));
#371=EDGE_LOOP('',(#2025,#2026,#2027,#2028));
#372=EDGE_LOOP('',(#2029,#2030,#2031,#2032));
#373=EDGE_LOOP('',(#2033,#2034,#2035,#2036));
#374=EDGE_LOOP('',(#2037,#2038,#2039,#2040,#2041,#2042,#2043,#2044));
#375=EDGE_LOOP('',(#2045,#2046,#2047,#2048));
#376=EDGE_LOOP('',(#2049,#2050,#2051,#2052));
#377=EDGE_LOOP('',(#2053,#2054,#2055,#2056));
#378=EDGE_LOOP('',(#2057,#2058,#2059,#2060));
#379=EDGE_LOOP('',(#2061,#2062,#2063,#2064));
#380=EDGE_LOOP('',(#2065,#2066,#2067,#2068));
#381=LINE('',#3121,#648);
#382=LINE('',#3123,#649);
#383=LINE('',#3125,#650);
#384=LINE('',#3126,#651);
#385=LINE('',#3129,#652);
#386=LINE('',#3131,#653);
#387=LINE('',#3133,#654);
#388=LINE('',#3135,#655);
#389=LINE('',#3137,#656);
#390=LINE('',#3139,#657);
#391=LINE('',#3141,#658);
#392=LINE('',#3143,#659);
#393=LINE('',#3145,#660);
#394=LINE('',#3147,#661);
#395=LINE('',#3149,#662);
#396=LINE('',#3151,#663);
#397=LINE('',#3153,#664);
#398=LINE('',#3155,#665);
#399=LINE('',#3156,#666);
#400=LINE('',#3159,#667);
#401=LINE('',#3161,#668);
#402=LINE('',#3163,#669);
#403=LINE('',#3164,#670);
#404=LINE('',#3167,#671);
#405=LINE('',#3168,#672);
#406=LINE('',#3170,#673);
#407=LINE('',#3174,#674);
#408=LINE('',#3177,#675);
#409=LINE('',#3180,#676);
#410=LINE('',#3181,#677);
#411=LINE('',#3184,#678);
#412=LINE('',#3186,#679);
#413=LINE('',#3187,#680);
#414=LINE('',#3190,#681);
#415=LINE('',#3191,#682);
#416=LINE('',#3194,#683);
#417=LINE('',#3195,#684);
#418=LINE('',#3199,#685);
#419=LINE('',#3201,#686);
#420=LINE('',#3203,#687);
#421=LINE('',#3204,#688);
#422=LINE('',#3206,#689);
#423=LINE('',#3207,#690);
#424=LINE('',#3209,#691);
#425=LINE('',#3211,#692);
#426=LINE('',#3217,#693);
#427=LINE('',#3218,#694);
#428=LINE('',#3221,#695);
#429=LINE('',#3225,#696);
#430=LINE('',#3229,#697);
#431=LINE('',#3232,#698);
#432=LINE('',#3234,#699);
#433=LINE('',#3236,#700);
#434=LINE('',#3241,#701);
#435=LINE('',#3242,#702);
#436=LINE('',#3245,#703);
#437=LINE('',#3246,#704);
#438=LINE('',#3250,#705);
#439=LINE('',#3252,#706);
#440=LINE('',#3253,#707);
#441=LINE('',#3258,#708);
#442=LINE('',#3260,#709);
#443=LINE('',#3261,#710);
#444=LINE('',#3264,#711);
#445=LINE('',#3266,#712);
#446=LINE('',#3267,#713);
#447=LINE('',#3269,#714);
#448=LINE('',#3271,#715);
#449=LINE('',#3273,#716);
#450=LINE('',#3275,#717);
#451=LINE('',#3280,#718);
#452=LINE('',#3282,#719);
#453=LINE('',#3284,#720);
#454=LINE('',#3285,#721);
#455=LINE('',#3288,#722);
#456=LINE('',#3290,#723);
#457=LINE('',#3291,#724);
#458=LINE('',#3294,#725);
#459=LINE('',#3295,#726);
#460=LINE('',#3298,#727);
#461=LINE('',#3299,#728);
#462=LINE('',#3301,#729);
#463=LINE('',#3306,#730);
#464=LINE('',#3308,#731);
#465=LINE('',#3310,#732);
#466=LINE('',#3311,#733);
#467=LINE('',#3314,#734);
#468=LINE('',#3316,#735);
#469=LINE('',#3317,#736);
#470=LINE('',#3320,#737);
#471=LINE('',#3322,#738);
#472=LINE('',#3323,#739);
#473=LINE('',#3325,#740);
#474=LINE('',#3326,#741);
#475=LINE('',#3332,#742);
#476=LINE('',#3334,#743);
#477=LINE('',#3336,#744);
#478=LINE('',#3337,#745);
#479=LINE('',#3340,#746);
#480=LINE('',#3342,#747);
#481=LINE('',#3344,#748);
#482=LINE('',#3345,#749);
#483=LINE('',#3348,#750);
#484=LINE('',#3350,#751);
#485=LINE('',#3351,#752);
#486=LINE('',#3354,#753);
#487=LINE('',#3355,#754);
#488=LINE('',#3358,#755);
#489=LINE('',#3360,#756);
#490=LINE('',#3361,#757);
#491=LINE('',#3364,#758);
#492=LINE('',#3365,#759);
#493=LINE('',#3368,#760);
#494=LINE('',#3369,#761);
#495=LINE('',#3371,#762);
#496=LINE('',#3377,#763);
#497=LINE('',#3380,#764);
#498=LINE('',#3383,#765);
#499=LINE('',#3387,#766);
#500=LINE('',#3391,#767);
#501=LINE('',#3394,#768);
#502=LINE('',#3397,#769);
#503=LINE('',#3399,#770);
#504=LINE('',#3401,#771);
#505=LINE('',#3402,#772);
#506=LINE('',#3405,#773);
#507=LINE('',#3406,#774);
#508=LINE('',#3410,#775);
#509=LINE('',#3415,#776);
#510=LINE('',#3416,#777);
#511=LINE('',#3419,#778);
#512=LINE('',#3420,#779);
#513=LINE('',#3423,#780);
#514=LINE('',#3425,#781);
#515=LINE('',#3427,#782);
#516=LINE('',#3428,#783);
#517=LINE('',#3432,#784);
#518=LINE('',#3434,#785);
#519=LINE('',#3437,#786);
#520=LINE('',#3439,#787);
#521=LINE('',#3440,#788);
#522=LINE('',#3443,#789);
#523=LINE('',#3444,#790);
#524=LINE('',#3447,#791);
#525=LINE('',#3449,#792);
#526=LINE('',#3450,#793);
#527=LINE('',#3453,#794);
#528=LINE('',#3454,#795);
#529=LINE('',#3457,#796);
#530=LINE('',#3458,#797);
#531=LINE('',#3460,#798);
#532=LINE('',#3464,#799);
#533=LINE('',#3465,#800);
#534=LINE('',#3467,#801);
#535=LINE('',#3473,#802);
#536=LINE('',#3476,#803);
#537=LINE('',#3479,#804);
#538=LINE('',#3481,#805);
#539=LINE('',#3482,#806);
#540=LINE('',#3487,#807);
#541=LINE('',#3491,#808);
#542=LINE('',#3493,#809);
#543=LINE('',#3494,#810);
#544=LINE('',#3499,#811);
#545=LINE('',#3503,#812);
#546=LINE('',#3505,#813);
#547=LINE('',#3506,#814);
#548=LINE('',#3511,#815);
#549=LINE('',#3514,#816);
#550=LINE('',#3515,#817);
#551=LINE('',#3519,#818);
#552=LINE('',#3520,#819);
#553=LINE('',#3522,#820);
#554=LINE('',#3524,#821);
#555=LINE('',#3529,#822);
#556=LINE('',#3531,#823);
#557=LINE('',#3533,#824);
#558=LINE('',#3534,#825);
#559=LINE('',#3540,#826);
#560=LINE('',#3543,#827);
#561=LINE('',#3545,#828);
#562=LINE('',#3546,#829);
#563=LINE('',#3554,#830);
#564=LINE('',#3556,#831);
#565=LINE('',#3558,#832);
#566=LINE('',#3559,#833);
#567=LINE('',#3565,#834);
#568=LINE('',#3568,#835);
#569=LINE('',#3570,#836);
#570=LINE('',#3571,#837);
#571=LINE('',#3579,#838);
#572=LINE('',#3581,#839);
#573=LINE('',#3583,#840);
#574=LINE('',#3584,#841);
#575=LINE('',#3590,#842);
#576=LINE('',#3593,#843);
#577=LINE('',#3595,#844);
#578=LINE('',#3596,#845);
#579=LINE('',#3604,#846);
#580=LINE('',#3606,#847);
#581=LINE('',#3608,#848);
#582=LINE('',#3609,#849);
#583=LINE('',#3615,#850);
#584=LINE('',#3618,#851);
#585=LINE('',#3620,#852);
#586=LINE('',#3621,#853);
#587=LINE('',#3629,#854);
#588=LINE('',#3631,#855);
#589=LINE('',#3633,#856);
#590=LINE('',#3634,#857);
#591=LINE('',#3637,#858);
#592=LINE('',#3639,#859);
#593=LINE('',#3640,#860);
#594=LINE('',#3643,#861);
#595=LINE('',#3645,#862);
#596=LINE('',#3646,#863);
#597=LINE('',#3648,#864);
#598=LINE('',#3649,#865);
#599=LINE('',#3655,#866);
#600=LINE('',#3659,#867);
#601=LINE('',#3663,#868);
#602=LINE('',#3667,#869);
#603=LINE('',#3672,#870);
#604=LINE('',#3675,#871);
#605=LINE('',#3676,#872);
#606=LINE('',#3679,#873);
#607=LINE('',#3680,#874);
#608=LINE('',#3683,#875);
#609=LINE('',#3687,#876);
#610=LINE('',#3688,#877);
#611=LINE('',#3692,#878);
#612=LINE('',#3694,#879);
#613=LINE('',#3696,#880);
#614=LINE('',#3697,#881);
#615=LINE('',#3700,#882);
#616=LINE('',#3702,#883);
#617=LINE('',#3703,#884);
#618=LINE('',#3706,#885);
#619=LINE('',#3708,#886);
#620=LINE('',#3709,#887);
#621=LINE('',#3711,#888);
#622=LINE('',#3712,#889);
#623=LINE('',#3715,#890);
#624=LINE('',#3717,#891);
#625=LINE('',#3718,#892);
#626=LINE('',#3721,#893);
#627=LINE('',#3722,#894);
#628=LINE('',#3726,#895);
#629=LINE('',#3728,#896);
#630=LINE('',#3730,#897);
#631=LINE('',#3731,#898);
#632=LINE('',#3734,#899);
#633=LINE('',#3736,#900);
#634=LINE('',#3737,#901);
#635=LINE('',#3740,#902);
#636=LINE('',#3741,#903);
#637=LINE('',#3744,#904);
#638=LINE('',#3745,#905);
#639=LINE('',#3747,#906);
#640=LINE('',#3750,#907);
#641=LINE('',#3751,#908);
#642=LINE('',#3753,#909);
#643=LINE('',#3758,#910);
#644=LINE('',#3761,#911);
#645=LINE('',#3763,#912);
#646=LINE('',#3765,#913);
#647=LINE('',#3767,#914);
#648=VECTOR('',#2500,10.);
#649=VECTOR('',#2501,10.);
#650=VECTOR('',#2502,10.);
#651=VECTOR('',#2503,10.);
#652=VECTOR('',#2506,10.);
#653=VECTOR('',#2507,10.);
#654=VECTOR('',#2508,10.);
#655=VECTOR('',#2509,10.);
#656=VECTOR('',#2510,10.);
#657=VECTOR('',#2511,10.);
#658=VECTOR('',#2512,10.);
#659=VECTOR('',#2513,10.);
#660=VECTOR('',#2514,10.);
#661=VECTOR('',#2515,10.);
#662=VECTOR('',#2516,10.);
#663=VECTOR('',#2517,10.);
#664=VECTOR('',#2518,10.);
#665=VECTOR('',#2519,10.);
#666=VECTOR('',#2520,10.);
#667=VECTOR('',#2521,10.);
#668=VECTOR('',#2522,10.);
#669=VECTOR('',#2523,10.);
#670=VECTOR('',#2524,10.);
#671=VECTOR('',#2527,10.);
#672=VECTOR('',#2528,10.);
#673=VECTOR('',#2529,10.);
#674=VECTOR('',#2532,10.);
#675=VECTOR('',#2535,10.);
#676=VECTOR('',#2538,10.);
#677=VECTOR('',#2539,10.);
#678=VECTOR('',#2542,10.);
#679=VECTOR('',#2543,10.);
#680=VECTOR('',#2544,10.);
#681=VECTOR('',#2547,10.);
#682=VECTOR('',#2548,10.);
#683=VECTOR('',#2551,10.);
#684=VECTOR('',#2552,10.);
#685=VECTOR('',#2555,10.);
#686=VECTOR('',#2556,10.);
#687=VECTOR('',#2557,10.);
#688=VECTOR('',#2558,10.);
#689=VECTOR('',#2561,10.);
#690=VECTOR('',#2562,10.);
#691=VECTOR('',#2565,10.);
#692=VECTOR('',#2568,10.);
#693=VECTOR('',#2575,10.);
#694=VECTOR('',#2576,10.);
#695=VECTOR('',#2579,10.);
#696=VECTOR('',#2582,10.);
#697=VECTOR('',#2585,10.);
#698=VECTOR('',#2588,10.);
#699=VECTOR('',#2591,10.);
#700=VECTOR('',#2594,10.);
#701=VECTOR('',#2599,10.);
#702=VECTOR('',#2600,10.);
#703=VECTOR('',#2603,10.);
#704=VECTOR('',#2604,10.);
#705=VECTOR('',#2609,10.);
#706=VECTOR('',#2612,10.);
#707=VECTOR('',#2613,10.);
#708=VECTOR('',#2620,10.);
#709=VECTOR('',#2621,10.);
#710=VECTOR('',#2622,10.);
#711=VECTOR('',#2625,10.);
#712=VECTOR('',#2626,10.);
#713=VECTOR('',#2627,10.);
#714=VECTOR('',#2630,10.);
#715=VECTOR('',#2633,10.);
#716=VECTOR('',#2636,10.);
#717=VECTOR('',#2639,10.);
#718=VECTOR('',#2644,10.);
#719=VECTOR('',#2645,10.);
#720=VECTOR('',#2646,10.);
#721=VECTOR('',#2647,10.);
#722=VECTOR('',#2650,10.);
#723=VECTOR('',#2651,10.);
#724=VECTOR('',#2652,10.);
#725=VECTOR('',#2655,10.);
#726=VECTOR('',#2656,10.);
#727=VECTOR('',#2659,10.);
#728=VECTOR('',#2660,10.);
#729=VECTOR('',#2663,10.);
#730=VECTOR('',#2668,10.);
#731=VECTOR('',#2669,10.);
#732=VECTOR('',#2670,10.);
#733=VECTOR('',#2671,10.);
#734=VECTOR('',#2674,10.);
#735=VECTOR('',#2675,10.);
#736=VECTOR('',#2676,10.);
#737=VECTOR('',#2679,10.);
#738=VECTOR('',#2680,10.);
#739=VECTOR('',#2681,10.);
#740=VECTOR('',#2684,10.);
#741=VECTOR('',#2685,10.);
#742=VECTOR('',#2692,10.);
#743=VECTOR('',#2693,10.);
#744=VECTOR('',#2694,10.);
#745=VECTOR('',#2695,10.);
#746=VECTOR('',#2696,10.);
#747=VECTOR('',#2697,10.);
#748=VECTOR('',#2698,10.);
#749=VECTOR('',#2699,10.);
#750=VECTOR('',#2702,10.);
#751=VECTOR('',#2703,10.);
#752=VECTOR('',#2704,10.);
#753=VECTOR('',#2707,10.);
#754=VECTOR('',#2708,10.);
#755=VECTOR('',#2711,10.);
#756=VECTOR('',#2712,10.);
#757=VECTOR('',#2713,10.);
#758=VECTOR('',#2716,10.);
#759=VECTOR('',#2717,10.);
#760=VECTOR('',#2720,10.);
#761=VECTOR('',#2721,10.);
#762=VECTOR('',#2724,10.);
#763=VECTOR('',#2729,10.);
#764=VECTOR('',#2732,10.);
#765=VECTOR('',#2735,10.);
#766=VECTOR('',#2738,10.);
#767=VECTOR('',#2741,10.);
#768=VECTOR('',#2744,10.);
#769=VECTOR('',#2745,10.);
#770=VECTOR('',#2746,10.);
#771=VECTOR('',#2747,10.);
#772=VECTOR('',#2748,10.);
#773=VECTOR('',#2751,10.);
#774=VECTOR('',#2752,10.);
#775=VECTOR('',#2757,10.);
#776=VECTOR('',#2762,10.);
#777=VECTOR('',#2763,10.);
#778=VECTOR('',#2766,10.);
#779=VECTOR('',#2767,10.);
#780=VECTOR('',#2768,10.);
#781=VECTOR('',#2769,10.);
#782=VECTOR('',#2770,10.);
#783=VECTOR('',#2771,10.);
#784=VECTOR('',#2776,10.);
#785=VECTOR('',#2779,10.);
#786=VECTOR('',#2782,10.);
#787=VECTOR('',#2783,10.);
#788=VECTOR('',#2784,10.);
#789=VECTOR('',#2787,10.);
#790=VECTOR('',#2788,10.);
#791=VECTOR('',#2791,10.);
#792=VECTOR('',#2792,10.);
#793=VECTOR('',#2793,10.);
#794=VECTOR('',#2796,10.);
#795=VECTOR('',#2797,10.);
#796=VECTOR('',#2800,10.);
#797=VECTOR('',#2801,10.);
#798=VECTOR('',#2804,10.);
#799=VECTOR('',#2809,10.);
#800=VECTOR('',#2810,10.);
#801=VECTOR('',#2813,10.);
#802=VECTOR('',#2818,10.);
#803=VECTOR('',#2821,10.);
#804=VECTOR('',#2824,10.);
#805=VECTOR('',#2825,10.);
#806=VECTOR('',#2826,10.);
#807=VECTOR('',#2831,10.);
#808=VECTOR('',#2836,10.);
#809=VECTOR('',#2837,10.);
#810=VECTOR('',#2838,10.);
#811=VECTOR('',#2843,10.);
#812=VECTOR('',#2848,10.);
#813=VECTOR('',#2849,10.);
#814=VECTOR('',#2850,10.);
#815=VECTOR('',#2855,10.);
#816=VECTOR('',#2860,10.);
#817=VECTOR('',#2861,10.);
#818=VECTOR('',#2866,10.);
#819=VECTOR('',#2867,10.);
#820=VECTOR('',#2870,10.);
#821=VECTOR('',#2873,10.);
#822=VECTOR('',#2878,10.);
#823=VECTOR('',#2879,10.);
#824=VECTOR('',#2880,10.);
#825=VECTOR('',#2881,10.);
#826=VECTOR('',#2888,10.);
#827=VECTOR('',#2891,10.);
#828=VECTOR('',#2892,10.);
#829=VECTOR('',#2893,10.);
#830=VECTOR('',#2904,10.);
#831=VECTOR('',#2905,10.);
#832=VECTOR('',#2906,10.);
#833=VECTOR('',#2907,10.);
#834=VECTOR('',#2914,10.);
#835=VECTOR('',#2917,10.);
#836=VECTOR('',#2918,10.);
#837=VECTOR('',#2919,10.);
#838=VECTOR('',#2930,10.);
#839=VECTOR('',#2931,10.);
#840=VECTOR('',#2932,10.);
#841=VECTOR('',#2933,10.);
#842=VECTOR('',#2940,10.);
#843=VECTOR('',#2943,10.);
#844=VECTOR('',#2944,10.);
#845=VECTOR('',#2945,10.);
#846=VECTOR('',#2956,10.);
#847=VECTOR('',#2957,10.);
#848=VECTOR('',#2958,10.);
#849=VECTOR('',#2959,10.);
#850=VECTOR('',#2966,10.);
#851=VECTOR('',#2969,10.);
#852=VECTOR('',#2970,10.);
#853=VECTOR('',#2971,10.);
#854=VECTOR('',#2982,10.);
#855=VECTOR('',#2983,10.);
#856=VECTOR('',#2984,10.);
#857=VECTOR('',#2985,10.);
#858=VECTOR('',#2988,10.);
#859=VECTOR('',#2989,10.);
#860=VECTOR('',#2990,10.);
#861=VECTOR('',#2993,10.);
#862=VECTOR('',#2994,10.);
#863=VECTOR('',#2995,10.);
#864=VECTOR('',#2998,10.);
#865=VECTOR('',#2999,10.);
#866=VECTOR('',#3006,10.);
#867=VECTOR('',#3009,10.);
#868=VECTOR('',#3012,10.);
#869=VECTOR('',#3015,10.);
#870=VECTOR('',#3020,10.);
#871=VECTOR('',#3023,10.);
#872=VECTOR('',#3024,10.);
#873=VECTOR('',#3027,10.);
#874=VECTOR('',#3028,10.);
#875=VECTOR('',#3031,10.);
#876=VECTOR('',#3036,10.);
#877=VECTOR('',#3037,10.);
#878=VECTOR('',#3040,10.);
#879=VECTOR('',#3041,10.);
#880=VECTOR('',#3042,10.);
#881=VECTOR('',#3043,10.);
#882=VECTOR('',#3046,10.);
#883=VECTOR('',#3047,10.);
#884=VECTOR('',#3048,10.);
#885=VECTOR('',#3051,10.);
#886=VECTOR('',#3052,10.);
#887=VECTOR('',#3053,10.);
#888=VECTOR('',#3056,10.);
#889=VECTOR('',#3057,10.);
#890=VECTOR('',#3060,10.);
#891=VECTOR('',#3061,10.);
#892=VECTOR('',#3062,10.);
#893=VECTOR('',#3065,10.);
#894=VECTOR('',#3066,10.);
#895=VECTOR('',#3069,10.);
#896=VECTOR('',#3070,10.);
#897=VECTOR('',#3071,10.);
#898=VECTOR('',#3072,10.);
#899=VECTOR('',#3075,10.);
#900=VECTOR('',#3076,10.);
#901=VECTOR('',#3077,10.);
#902=VECTOR('',#3080,10.);
#903=VECTOR('',#3081,10.);
#904=VECTOR('',#3084,10.);
#905=VECTOR('',#3085,10.);
#906=VECTOR('',#3088,10.);
#907=VECTOR('',#3091,10.);
#908=VECTOR('',#3092,10.);
#909=VECTOR('',#3095,10.);
#910=VECTOR('',#3100,10.);
#911=VECTOR('',#3103,10.);
#912=VECTOR('',#3106,10.);
#913=VECTOR('',#3109,10.);
#914=VECTOR('',#3112,10.);
#915=VERTEX_POINT('',#3119);
#916=VERTEX_POINT('',#3120);
#917=VERTEX_POINT('',#3122);
#918=VERTEX_POINT('',#3124);
#919=VERTEX_POINT('',#3128);
#920=VERTEX_POINT('',#3130);
#921=VERTEX_POINT('',#3132);
#922=VERTEX_POINT('',#3134);
#923=VERTEX_POINT('',#3136);
#924=VERTEX_POINT('',#3138);
#925=VERTEX_POINT('',#3140);
#926=VERTEX_POINT('',#3142);
#927=VERTEX_POINT('',#3144);
#928=VERTEX_POINT('',#3146);
#929=VERTEX_POINT('',#3148);
#930=VERTEX_POINT('',#3150);
#931=VERTEX_POINT('',#3152);
#932=VERTEX_POINT('',#3154);
#933=VERTEX_POINT('',#3157);
#934=VERTEX_POINT('',#3158);
#935=VERTEX_POINT('',#3160);
#936=VERTEX_POINT('',#3162);
#937=VERTEX_POINT('',#3166);
#938=VERTEX_POINT('',#3169);
#939=VERTEX_POINT('',#3171);
#940=VERTEX_POINT('',#3173);
#941=VERTEX_POINT('',#3175);
#942=VERTEX_POINT('',#3179);
#943=VERTEX_POINT('',#3183);
#944=VERTEX_POINT('',#3185);
#945=VERTEX_POINT('',#3189);
#946=VERTEX_POINT('',#3193);
#947=VERTEX_POINT('',#3197);
#948=VERTEX_POINT('',#3198);
#949=VERTEX_POINT('',#3200);
#950=VERTEX_POINT('',#3202);
#951=VERTEX_POINT('',#3214);
#952=VERTEX_POINT('',#3215);
#953=VERTEX_POINT('',#3220);
#954=VERTEX_POINT('',#3222);
#955=VERTEX_POINT('',#3224);
#956=VERTEX_POINT('',#3226);
#957=VERTEX_POINT('',#3228);
#958=VERTEX_POINT('',#3230);
#959=VERTEX_POINT('',#3238);
#960=VERTEX_POINT('',#3239);
#961=VERTEX_POINT('',#3244);
#962=VERTEX_POINT('',#3248);
#963=VERTEX_POINT('',#3257);
#964=VERTEX_POINT('',#3259);
#965=VERTEX_POINT('',#3263);
#966=VERTEX_POINT('',#3265);
#967=VERTEX_POINT('',#3278);
#968=VERTEX_POINT('',#3279);
#969=VERTEX_POINT('',#3281);
#970=VERTEX_POINT('',#3283);
#971=VERTEX_POINT('',#3287);
#972=VERTEX_POINT('',#3289);
#973=VERTEX_POINT('',#3293);
#974=VERTEX_POINT('',#3297);
#975=VERTEX_POINT('',#3304);
#976=VERTEX_POINT('',#3305);
#977=VERTEX_POINT('',#3307);
#978=VERTEX_POINT('',#3309);
#979=VERTEX_POINT('',#3313);
#980=VERTEX_POINT('',#3315);
#981=VERTEX_POINT('',#3319);
#982=VERTEX_POINT('',#3321);
#983=VERTEX_POINT('',#3330);
#984=VERTEX_POINT('',#3331);
#985=VERTEX_POINT('',#3333);
#986=VERTEX_POINT('',#3335);
#987=VERTEX_POINT('',#3338);
#988=VERTEX_POINT('',#3339);
#989=VERTEX_POINT('',#3341);
#990=VERTEX_POINT('',#3343);
#991=VERTEX_POINT('',#3347);
#992=VERTEX_POINT('',#3349);
#993=VERTEX_POINT('',#3353);
#994=VERTEX_POINT('',#3357);
#995=VERTEX_POINT('',#3359);
#996=VERTEX_POINT('',#3363);
#997=VERTEX_POINT('',#3367);
#998=VERTEX_POINT('',#3373);
#999=VERTEX_POINT('',#3374);
#1000=VERTEX_POINT('',#3376);
#1001=VERTEX_POINT('',#3378);
#1002=VERTEX_POINT('',#3382);
#1003=VERTEX_POINT('',#3384);
#1004=VERTEX_POINT('',#3386);
#1005=VERTEX_POINT('',#3388);
#1006=VERTEX_POINT('',#3390);
#1007=VERTEX_POINT('',#3392);
#1008=VERTEX_POINT('',#3395);
#1009=VERTEX_POINT('',#3396);
#1010=VERTEX_POINT('',#3398);
#1011=VERTEX_POINT('',#3400);
#1012=VERTEX_POINT('',#3404);
#1013=VERTEX_POINT('',#3408);
#1014=VERTEX_POINT('',#3412);
#1015=VERTEX_POINT('',#3413);
#1016=VERTEX_POINT('',#3418);
#1017=VERTEX_POINT('',#3421);
#1018=VERTEX_POINT('',#3422);
#1019=VERTEX_POINT('',#3424);
#1020=VERTEX_POINT('',#3426);
#1021=VERTEX_POINT('',#3430);
#1022=VERTEX_POINT('',#3436);
#1023=VERTEX_POINT('',#3438);
#1024=VERTEX_POINT('',#3442);
#1025=VERTEX_POINT('',#3446);
#1026=VERTEX_POINT('',#3448);
#1027=VERTEX_POINT('',#3452);
#1028=VERTEX_POINT('',#3456);
#1029=VERTEX_POINT('',#3463);
#1030=VERTEX_POINT('',#3469);
#1031=VERTEX_POINT('',#3470);
#1032=VERTEX_POINT('',#3472);
#1033=VERTEX_POINT('',#3474);
#1034=VERTEX_POINT('',#3478);
#1035=VERTEX_POINT('',#3480);
#1036=VERTEX_POINT('',#3484);
#1037=VERTEX_POINT('',#3486);
#1038=VERTEX_POINT('',#3490);
#1039=VERTEX_POINT('',#3492);
#1040=VERTEX_POINT('',#3496);
#1041=VERTEX_POINT('',#3498);
#1042=VERTEX_POINT('',#3502);
#1043=VERTEX_POINT('',#3504);
#1044=VERTEX_POINT('',#3508);
#1045=VERTEX_POINT('',#3510);
#1046=VERTEX_POINT('',#3518);
#1047=VERTEX_POINT('',#3527);
#1048=VERTEX_POINT('',#3528);
#1049=VERTEX_POINT('',#3530);
#1050=VERTEX_POINT('',#3532);
#1051=VERTEX_POINT('',#3536);
#1052=VERTEX_POINT('',#3538);
#1053=VERTEX_POINT('',#3542);
#1054=VERTEX_POINT('',#3544);
#1055=VERTEX_POINT('',#3552);
#1056=VERTEX_POINT('',#3553);
#1057=VERTEX_POINT('',#3555);
#1058=VERTEX_POINT('',#3557);
#1059=VERTEX_POINT('',#3561);
#1060=VERTEX_POINT('',#3563);
#1061=VERTEX_POINT('',#3567);
#1062=VERTEX_POINT('',#3569);
#1063=VERTEX_POINT('',#3577);
#1064=VERTEX_POINT('',#3578);
#1065=VERTEX_POINT('',#3580);
#1066=VERTEX_POINT('',#3582);
#1067=VERTEX_POINT('',#3586);
#1068=VERTEX_POINT('',#3588);
#1069=VERTEX_POINT('',#3592);
#1070=VERTEX_POINT('',#3594);
#1071=VERTEX_POINT('',#3602);
#1072=VERTEX_POINT('',#3603);
#1073=VERTEX_POINT('',#3605);
#1074=VERTEX_POINT('',#3607);
#1075=VERTEX_POINT('',#3611);
#1076=VERTEX_POINT('',#3613);
#1077=VERTEX_POINT('',#3617);
#1078=VERTEX_POINT('',#3619);
#1079=VERTEX_POINT('',#3627);
#1080=VERTEX_POINT('',#3628);
#1081=VERTEX_POINT('',#3630);
#1082=VERTEX_POINT('',#3632);
#1083=VERTEX_POINT('',#3636);
#1084=VERTEX_POINT('',#3638);
#1085=VERTEX_POINT('',#3642);
#1086=VERTEX_POINT('',#3644);
#1087=VERTEX_POINT('',#3653);
#1088=VERTEX_POINT('',#3654);
#1089=VERTEX_POINT('',#3656);
#1090=VERTEX_POINT('',#3658);
#1091=VERTEX_POINT('',#3660);
#1092=VERTEX_POINT('',#3662);
#1093=VERTEX_POINT('',#3664);
#1094=VERTEX_POINT('',#3666);
#1095=VERTEX_POINT('',#3670);
#1096=VERTEX_POINT('',#3671);
#1097=VERTEX_POINT('',#3673);
#1098=VERTEX_POINT('',#3678);
#1099=VERTEX_POINT('',#3682);
#1100=VERTEX_POINT('',#3686);
#1101=VERTEX_POINT('',#3690);
#1102=VERTEX_POINT('',#3691);
#1103=VERTEX_POINT('',#3693);
#1104=VERTEX_POINT('',#3695);
#1105=VERTEX_POINT('',#3699);
#1106=VERTEX_POINT('',#3701);
#1107=VERTEX_POINT('',#3705);
#1108=VERTEX_POINT('',#3707);
#1109=VERTEX_POINT('',#3714);
#1110=VERTEX_POINT('',#3716);
#1111=VERTEX_POINT('',#3720);
#1112=VERTEX_POINT('',#3724);
#1113=VERTEX_POINT('',#3725);
#1114=VERTEX_POINT('',#3727);
#1115=VERTEX_POINT('',#3729);
#1116=VERTEX_POINT('',#3733);
#1117=VERTEX_POINT('',#3735);
#1118=VERTEX_POINT('',#3739);
#1119=VERTEX_POINT('',#3743);
#1120=VERTEX_POINT('',#3749);
#1121=VERTEX_POINT('',#3755);
#1122=VERTEX_POINT('',#3757);
#1123=VERTEX_POINT('',#3759);
#1124=EDGE_CURVE('',#915,#916,#381,.T.);
#1125=EDGE_CURVE('',#916,#917,#382,.T.);
#1126=EDGE_CURVE('',#917,#918,#383,.T.);
#1127=EDGE_CURVE('',#918,#915,#384,.T.);
#1128=EDGE_CURVE('',#915,#919,#385,.T.);
#1129=EDGE_CURVE('',#919,#920,#386,.T.);
#1130=EDGE_CURVE('',#920,#921,#387,.T.);
#1131=EDGE_CURVE('',#921,#922,#388,.T.);
#1132=EDGE_CURVE('',#922,#923,#389,.T.);
#1133=EDGE_CURVE('',#924,#923,#390,.T.);
#1134=EDGE_CURVE('',#924,#925,#391,.T.);
#1135=EDGE_CURVE('',#926,#925,#392,.T.);
#1136=EDGE_CURVE('',#926,#927,#393,.T.);
#1137=EDGE_CURVE('',#928,#927,#394,.T.);
#1138=EDGE_CURVE('',#928,#929,#395,.T.);
#1139=EDGE_CURVE('',#929,#930,#396,.T.);
#1140=EDGE_CURVE('',#930,#931,#397,.T.);
#1141=EDGE_CURVE('',#931,#932,#398,.T.);
#1142=EDGE_CURVE('',#932,#916,#399,.T.);
#1143=EDGE_CURVE('',#933,#934,#400,.T.);
#1144=EDGE_CURVE('',#934,#935,#401,.T.);
#1145=EDGE_CURVE('',#935,#936,#402,.T.);
#1146=EDGE_CURVE('',#936,#933,#403,.T.);
#1147=EDGE_CURVE('',#937,#918,#404,.T.);
#1148=EDGE_CURVE('',#923,#937,#405,.T.);
#1149=EDGE_CURVE('',#922,#938,#406,.T.);
#1150=EDGE_CURVE('',#938,#939,#49,.T.);
#1151=EDGE_CURVE('',#940,#939,#407,.T.);
#1152=EDGE_CURVE('',#941,#940,#50,.F.);
#1153=EDGE_CURVE('',#941,#919,#408,.T.);
#1154=EDGE_CURVE('',#937,#942,#409,.T.);
#1155=EDGE_CURVE('',#942,#924,#410,.T.);
#1156=EDGE_CURVE('',#925,#943,#411,.T.);
#1157=EDGE_CURVE('',#943,#944,#412,.T.);
#1158=EDGE_CURVE('',#944,#926,#413,.T.);
#1159=EDGE_CURVE('',#945,#944,#414,.T.);
#1160=EDGE_CURVE('',#927,#945,#415,.T.);
#1161=EDGE_CURVE('',#945,#946,#416,.T.);
#1162=EDGE_CURVE('',#946,#928,#417,.T.);
#1163=EDGE_CURVE('',#947,#948,#418,.T.);
#1164=EDGE_CURVE('',#949,#947,#419,.T.);
#1165=EDGE_CURVE('',#950,#949,#420,.T.);
#1166=EDGE_CURVE('',#948,#950,#421,.T.);
#1167=EDGE_CURVE('',#934,#950,#422,.T.);
#1168=EDGE_CURVE('',#933,#948,#423,.T.);
#1169=EDGE_CURVE('',#935,#949,#424,.T.);
#1170=EDGE_CURVE('',#936,#947,#425,.T.);
#1171=EDGE_CURVE('',#951,#952,#51,.T.);
#1172=EDGE_CURVE('',#952,#941,#426,.T.);
#1173=EDGE_CURVE('',#940,#951,#427,.T.);
#1174=EDGE_CURVE('',#953,#951,#428,.T.);
#1175=EDGE_CURVE('',#954,#953,#52,.T.);
#1176=EDGE_CURVE('',#954,#955,#429,.T.);
#1177=EDGE_CURVE('',#956,#955,#53,.T.);
#1178=EDGE_CURVE('',#957,#956,#430,.T.);
#1179=EDGE_CURVE('',#958,#957,#54,.T.);
#1180=EDGE_CURVE('',#952,#958,#431,.T.);
#1181=EDGE_CURVE('',#953,#939,#432,.T.);
#1182=EDGE_CURVE('',#938,#954,#433,.T.);
#1183=EDGE_CURVE('',#959,#960,#55,.T.);
#1184=EDGE_CURVE('',#960,#956,#434,.T.);
#1185=EDGE_CURVE('',#955,#959,#435,.T.);
#1186=EDGE_CURVE('',#960,#961,#436,.T.);
#1187=EDGE_CURVE('',#957,#961,#437,.T.);
#1188=EDGE_CURVE('',#961,#962,#56,.T.);
#1189=EDGE_CURVE('',#962,#958,#438,.T.);
#1190=EDGE_CURVE('',#921,#959,#439,.T.);
#1191=EDGE_CURVE('',#920,#962,#440,.T.);
#1192=EDGE_CURVE('',#931,#963,#441,.T.);
#1193=EDGE_CURVE('',#964,#963,#442,.T.);
#1194=EDGE_CURVE('',#932,#964,#443,.T.);
#1195=EDGE_CURVE('',#929,#965,#444,.T.);
#1196=EDGE_CURVE('',#966,#965,#445,.T.);
#1197=EDGE_CURVE('',#930,#966,#446,.T.);
#1198=EDGE_CURVE('',#963,#966,#447,.T.);
#1199=EDGE_CURVE('',#965,#964,#448,.T.);
#1200=EDGE_CURVE('',#943,#942,#449,.T.);
#1201=EDGE_CURVE('',#917,#946,#450,.T.);
#1202=EDGE_CURVE('',#967,#968,#451,.T.);
#1203=EDGE_CURVE('',#969,#967,#452,.T.);
#1204=EDGE_CURVE('',#970,#969,#453,.T.);
#1205=EDGE_CURVE('',#968,#970,#454,.T.);
#1206=EDGE_CURVE('',#971,#970,#455,.T.);
#1207=EDGE_CURVE('',#972,#971,#456,.T.);
#1208=EDGE_CURVE('',#968,#972,#457,.T.);
#1209=EDGE_CURVE('',#969,#973,#458,.T.);
#1210=EDGE_CURVE('',#973,#971,#459,.T.);
#1211=EDGE_CURVE('',#972,#974,#460,.T.);
#1212=EDGE_CURVE('',#974,#973,#461,.T.);
#1213=EDGE_CURVE('',#974,#967,#462,.T.);
#1214=EDGE_CURVE('',#975,#976,#463,.T.);
#1215=EDGE_CURVE('',#975,#977,#464,.T.);
#1216=EDGE_CURVE('',#978,#977,#465,.T.);
#1217=EDGE_CURVE('',#976,#978,#466,.T.);
#1218=EDGE_CURVE('',#976,#979,#467,.T.);
#1219=EDGE_CURVE('',#980,#978,#468,.T.);
#1220=EDGE_CURVE('',#979,#980,#469,.T.);
#1221=EDGE_CURVE('',#979,#981,#470,.T.);
#1222=EDGE_CURVE('',#982,#980,#471,.T.);
#1223=EDGE_CURVE('',#981,#982,#472,.T.);
#1224=EDGE_CURVE('',#981,#975,#473,.T.);
#1225=EDGE_CURVE('',#977,#982,#474,.T.);
#1226=EDGE_CURVE('',#983,#984,#475,.T.);
#1227=EDGE_CURVE('',#985,#983,#476,.T.);
#1228=EDGE_CURVE('',#986,#985,#477,.T.);
#1229=EDGE_CURVE('',#984,#986,#478,.T.);
#1230=EDGE_CURVE('',#987,#988,#479,.T.);
#1231=EDGE_CURVE('',#989,#987,#480,.T.);
#1232=EDGE_CURVE('',#990,#989,#481,.T.);
#1233=EDGE_CURVE('',#988,#990,#482,.T.);
#1234=EDGE_CURVE('',#991,#990,#483,.T.);
#1235=EDGE_CURVE('',#992,#991,#484,.T.);
#1236=EDGE_CURVE('',#992,#988,#485,.T.);
#1237=EDGE_CURVE('',#993,#989,#486,.T.);
#1238=EDGE_CURVE('',#991,#993,#487,.T.);
#1239=EDGE_CURVE('',#994,#983,#488,.T.);
#1240=EDGE_CURVE('',#995,#994,#489,.T.);
#1241=EDGE_CURVE('',#995,#985,#490,.T.);
#1242=EDGE_CURVE('',#996,#984,#491,.T.);
#1243=EDGE_CURVE('',#994,#996,#492,.T.);
#1244=EDGE_CURVE('',#997,#986,#493,.T.);
#1245=EDGE_CURVE('',#996,#997,#494,.T.);
#1246=EDGE_CURVE('',#997,#995,#495,.T.);
#1247=EDGE_CURVE('',#998,#999,#57,.T.);
#1248=EDGE_CURVE('',#999,#1000,#496,.T.);
#1249=EDGE_CURVE('',#1000,#1001,#58,.T.);
#1250=EDGE_CURVE('',#1001,#998,#497,.T.);
#1251=EDGE_CURVE('',#1000,#1002,#498,.T.);
#1252=EDGE_CURVE('',#1003,#1002,#59,.T.);
#1253=EDGE_CURVE('',#1003,#1004,#499,.T.);
#1254=EDGE_CURVE('',#1005,#1004,#60,.T.);
#1255=EDGE_CURVE('',#1005,#1006,#500,.T.);
#1256=EDGE_CURVE('',#1007,#1006,#61,.T.);
#1257=EDGE_CURVE('',#1007,#1001,#501,.T.);
#1258=EDGE_CURVE('',#1008,#1009,#502,.T.);
#1259=EDGE_CURVE('',#1009,#1010,#503,.T.);
#1260=EDGE_CURVE('',#1010,#1011,#504,.T.);
#1261=EDGE_CURVE('',#1011,#1008,#505,.T.);
#1262=EDGE_CURVE('',#999,#1012,#506,.T.);
#1263=EDGE_CURVE('',#1002,#1012,#507,.T.);
#1264=EDGE_CURVE('',#1012,#1013,#62,.T.);
#1265=EDGE_CURVE('',#1013,#1003,#508,.T.);
#1266=EDGE_CURVE('',#1014,#1015,#63,.T.);
#1267=EDGE_CURVE('',#1015,#1005,#509,.T.);
#1268=EDGE_CURVE('',#1004,#1014,#510,.T.);
#1269=EDGE_CURVE('',#1015,#1016,#511,.T.);
#1270=EDGE_CURVE('',#1006,#1016,#512,.T.);
#1271=EDGE_CURVE('',#1017,#1018,#513,.T.);
#1272=EDGE_CURVE('',#1018,#1019,#514,.T.);
#1273=EDGE_CURVE('',#1019,#1020,#515,.T.);
#1274=EDGE_CURVE('',#1020,#1017,#516,.T.);
#1275=EDGE_CURVE('',#1016,#1021,#64,.T.);
#1276=EDGE_CURVE('',#1021,#1007,#517,.T.);
#1277=EDGE_CURVE('',#1013,#1014,#518,.T.);
#1278=EDGE_CURVE('',#1010,#1022,#519,.T.);
#1279=EDGE_CURVE('',#1022,#1023,#520,.T.);
#1280=EDGE_CURVE('',#1023,#1011,#521,.T.);
#1281=EDGE_CURVE('',#1009,#1024,#522,.T.);
#1282=EDGE_CURVE('',#1022,#1024,#523,.T.);
#1283=EDGE_CURVE('',#1017,#1025,#524,.T.);
#1284=EDGE_CURVE('',#1025,#1026,#525,.T.);
#1285=EDGE_CURVE('',#1018,#1026,#526,.T.);
#1286=EDGE_CURVE('',#1020,#1027,#527,.T.);
#1287=EDGE_CURVE('',#1027,#1025,#528,.T.);
#1288=EDGE_CURVE('',#1019,#1028,#529,.T.);
#1289=EDGE_CURVE('',#1028,#1027,#530,.T.);
#1290=EDGE_CURVE('',#1026,#1028,#531,.T.);
#1291=EDGE_CURVE('',#1029,#1008,#532,.T.);
#1292=EDGE_CURVE('',#1024,#1029,#533,.T.);
#1293=EDGE_CURVE('',#1029,#1023,#534,.T.);
#1294=EDGE_CURVE('',#1030,#1031,#65,.T.);
#1295=EDGE_CURVE('',#1031,#1032,#535,.T.);
#1296=EDGE_CURVE('',#1032,#1033,#66,.T.);
#1297=EDGE_CURVE('',#1033,#1030,#536,.T.);
#1298=EDGE_CURVE('',#1034,#1031,#537,.T.);
#1299=EDGE_CURVE('',#1035,#1034,#538,.T.);
#1300=EDGE_CURVE('',#1032,#1035,#539,.T.);
#1301=EDGE_CURVE('',#1034,#1036,#67,.T.);
#1302=EDGE_CURVE('',#1036,#1037,#540,.T.);
#1303=EDGE_CURVE('',#1037,#1035,#68,.T.);
#1304=EDGE_CURVE('',#1038,#1036,#541,.T.);
#1305=EDGE_CURVE('',#1039,#1038,#542,.T.);
#1306=EDGE_CURVE('',#1037,#1039,#543,.T.);
#1307=EDGE_CURVE('',#1038,#1040,#69,.T.);
#1308=EDGE_CURVE('',#1040,#1041,#544,.T.);
#1309=EDGE_CURVE('',#1041,#1039,#70,.T.);
#1310=EDGE_CURVE('',#1042,#1040,#545,.T.);
#1311=EDGE_CURVE('',#1043,#1042,#546,.T.);
#1312=EDGE_CURVE('',#1041,#1043,#547,.T.);
#1313=EDGE_CURVE('',#1042,#1044,#71,.T.);
#1314=EDGE_CURVE('',#1044,#1045,#548,.T.);
#1315=EDGE_CURVE('',#1045,#1043,#72,.T.);
#1316=EDGE_CURVE('',#1045,#1033,#549,.T.);
#1317=EDGE_CURVE('',#1030,#1044,#550,.T.);
#1318=EDGE_CURVE('',#1046,#992,#551,.T.);
#1319=EDGE_CURVE('',#1046,#987,#552,.T.);
#1320=EDGE_CURVE('',#993,#1046,#553,.T.);
#1321=EDGE_CURVE('',#998,#1021,#554,.T.);
#1322=EDGE_CURVE('',#1047,#1048,#555,.T.);
#1323=EDGE_CURVE('',#1047,#1049,#556,.T.);
#1324=EDGE_CURVE('',#1050,#1049,#557,.T.);
#1325=EDGE_CURVE('',#1048,#1050,#558,.T.);
#1326=EDGE_CURVE('',#1048,#1051,#73,.T.);
#1327=EDGE_CURVE('',#1052,#1050,#74,.T.);
#1328=EDGE_CURVE('',#1051,#1052,#559,.T.);
#1329=EDGE_CURVE('',#1051,#1053,#560,.T.);
#1330=EDGE_CURVE('',#1054,#1052,#561,.T.);
#1331=EDGE_CURVE('',#1053,#1054,#562,.T.);
#1332=EDGE_CURVE('',#1053,#1047,#75,.T.);
#1333=EDGE_CURVE('',#1049,#1054,#76,.T.);
#1334=EDGE_CURVE('',#1055,#1056,#563,.T.);
#1335=EDGE_CURVE('',#1055,#1057,#564,.T.);
#1336=EDGE_CURVE('',#1058,#1057,#565,.T.);
#1337=EDGE_CURVE('',#1056,#1058,#566,.T.);
#1338=EDGE_CURVE('',#1056,#1059,#77,.T.);
#1339=EDGE_CURVE('',#1060,#1058,#78,.T.);
#1340=EDGE_CURVE('',#1059,#1060,#567,.T.);
#1341=EDGE_CURVE('',#1059,#1061,#568,.T.);
#1342=EDGE_CURVE('',#1062,#1060,#569,.T.);
#1343=EDGE_CURVE('',#1061,#1062,#570,.T.);
#1344=EDGE_CURVE('',#1061,#1055,#79,.T.);
#1345=EDGE_CURVE('',#1057,#1062,#80,.T.);
#1346=EDGE_CURVE('',#1063,#1064,#571,.T.);
#1347=EDGE_CURVE('',#1063,#1065,#572,.T.);
#1348=EDGE_CURVE('',#1066,#1065,#573,.T.);
#1349=EDGE_CURVE('',#1064,#1066,#574,.T.);
#1350=EDGE_CURVE('',#1064,#1067,#81,.T.);
#1351=EDGE_CURVE('',#1068,#1066,#82,.T.);
#1352=EDGE_CURVE('',#1067,#1068,#575,.T.);
#1353=EDGE_CURVE('',#1067,#1069,#576,.T.);
#1354=EDGE_CURVE('',#1070,#1068,#577,.T.);
#1355=EDGE_CURVE('',#1069,#1070,#578,.T.);
#1356=EDGE_CURVE('',#1069,#1063,#83,.T.);
#1357=EDGE_CURVE('',#1065,#1070,#84,.T.);
#1358=EDGE_CURVE('',#1071,#1072,#579,.T.);
#1359=EDGE_CURVE('',#1071,#1073,#580,.T.);
#1360=EDGE_CURVE('',#1074,#1073,#581,.T.);
#1361=EDGE_CURVE('',#1072,#1074,#582,.T.);
#1362=EDGE_CURVE('',#1072,#1075,#85,.T.);
#1363=EDGE_CURVE('',#1076,#1074,#86,.T.);
#1364=EDGE_CURVE('',#1075,#1076,#583,.T.);
#1365=EDGE_CURVE('',#1075,#1077,#584,.T.);
#1366=EDGE_CURVE('',#1078,#1076,#585,.T.);
#1367=EDGE_CURVE('',#1077,#1078,#586,.T.);
#1368=EDGE_CURVE('',#1077,#1071,#87,.T.);
#1369=EDGE_CURVE('',#1073,#1078,#88,.T.);
#1370=EDGE_CURVE('',#1079,#1080,#587,.T.);
#1371=EDGE_CURVE('',#1080,#1081,#588,.T.);
#1372=EDGE_CURVE('',#1082,#1081,#589,.T.);
#1373=EDGE_CURVE('',#1079,#1082,#590,.T.);
#1374=EDGE_CURVE('',#1083,#1079,#591,.T.);
#1375=EDGE_CURVE('',#1084,#1082,#592,.T.);
#1376=EDGE_CURVE('',#1083,#1084,#593,.T.);
#1377=EDGE_CURVE('',#1085,#1083,#594,.T.);
#1378=EDGE_CURVE('',#1086,#1084,#595,.T.);
#1379=EDGE_CURVE('',#1085,#1086,#596,.T.);
#1380=EDGE_CURVE('',#1080,#1085,#597,.T.);
#1381=EDGE_CURVE('',#1081,#1086,#598,.T.);
#1382=EDGE_CURVE('',#1087,#1088,#599,.T.);
#1383=EDGE_CURVE('',#1088,#1089,#89,.T.);
#1384=EDGE_CURVE('',#1089,#1090,#600,.T.);
#1385=EDGE_CURVE('',#1090,#1091,#90,.T.);
#1386=EDGE_CURVE('',#1091,#1092,#601,.T.);
#1387=EDGE_CURVE('',#1092,#1093,#91,.T.);
#1388=EDGE_CURVE('',#1093,#1094,#602,.T.);
#1389=EDGE_CURVE('',#1094,#1087,#92,.T.);
#1390=EDGE_CURVE('',#1095,#1096,#603,.T.);
#1391=EDGE_CURVE('',#1095,#1097,#93,.T.);
#1392=EDGE_CURVE('',#1097,#1091,#604,.T.);
#1393=EDGE_CURVE('',#1096,#1090,#605,.T.);
#1394=EDGE_CURVE('',#1098,#1089,#606,.T.);
#1395=EDGE_CURVE('',#1095,#1098,#607,.T.);
#1396=EDGE_CURVE('',#1099,#1088,#608,.T.);
#1397=EDGE_CURVE('',#1099,#1098,#94,.T.);
#1398=EDGE_CURVE('',#1100,#1087,#609,.T.);
#1399=EDGE_CURVE('',#1099,#1100,#610,.T.);
#1400=EDGE_CURVE('',#1101,#1102,#611,.T.);
#1401=EDGE_CURVE('',#1102,#1103,#612,.T.);
#1402=EDGE_CURVE('',#1103,#1104,#613,.T.);
#1403=EDGE_CURVE('',#1104,#1101,#614,.T.);
#1404=EDGE_CURVE('',#1102,#1105,#615,.T.);
#1405=EDGE_CURVE('',#1105,#1106,#616,.T.);
#1406=EDGE_CURVE('',#1106,#1103,#617,.T.);
#1407=EDGE_CURVE('',#1104,#1107,#618,.T.);
#1408=EDGE_CURVE('',#1107,#1108,#619,.T.);
#1409=EDGE_CURVE('',#1108,#1101,#620,.T.);
#1410=EDGE_CURVE('',#1105,#1108,#621,.T.);
#1411=EDGE_CURVE('',#1107,#1106,#622,.T.);
#1412=EDGE_CURVE('',#1109,#1102,#623,.T.);
#1413=EDGE_CURVE('',#1110,#1109,#624,.T.);
#1414=EDGE_CURVE('',#1110,#1105,#625,.T.);
#1415=EDGE_CURVE('',#1111,#1101,#626,.T.);
#1416=EDGE_CURVE('',#1109,#1111,#627,.T.);
#1417=EDGE_CURVE('',#1112,#1113,#628,.T.);
#1418=EDGE_CURVE('',#1114,#1112,#629,.T.);
#1419=EDGE_CURVE('',#1115,#1114,#630,.T.);
#1420=EDGE_CURVE('',#1113,#1115,#631,.T.);
#1421=EDGE_CURVE('',#1116,#1112,#632,.T.);
#1422=EDGE_CURVE('',#1117,#1116,#633,.T.);
#1423=EDGE_CURVE('',#1117,#1114,#634,.T.);
#1424=EDGE_CURVE('',#1118,#1113,#635,.T.);
#1425=EDGE_CURVE('',#1116,#1118,#636,.T.);
#1426=EDGE_CURVE('',#1119,#1115,#637,.T.);
#1427=EDGE_CURVE('',#1118,#1119,#638,.T.);
#1428=EDGE_CURVE('',#1119,#1117,#639,.T.);
#1429=EDGE_CURVE('',#1120,#1108,#640,.T.);
#1430=EDGE_CURVE('',#1111,#1120,#641,.T.);
#1431=EDGE_CURVE('',#1120,#1110,#642,.T.);
#1432=EDGE_CURVE('',#1121,#1100,#95,.T.);
#1433=EDGE_CURVE('',#1122,#1121,#643,.T.);
#1434=EDGE_CURVE('',#1123,#1122,#96,.T.);
#1435=EDGE_CURVE('',#1097,#1123,#644,.T.);
#1436=EDGE_CURVE('',#1121,#1094,#645,.T.);
#1437=EDGE_CURVE('',#1122,#1093,#646,.T.);
#1438=EDGE_CURVE('',#1123,#1092,#647,.T.);
#1439=ORIENTED_EDGE('',*,*,#1124,.T.);
#1440=ORIENTED_EDGE('',*,*,#1125,.T.);
#1441=ORIENTED_EDGE('',*,*,#1126,.T.);
#1442=ORIENTED_EDGE('',*,*,#1127,.T.);
#1443=ORIENTED_EDGE('',*,*,#1124,.F.);
#1444=ORIENTED_EDGE('',*,*,#1128,.T.);
#1445=ORIENTED_EDGE('',*,*,#1129,.T.);
#1446=ORIENTED_EDGE('',*,*,#1130,.T.);
#1447=ORIENTED_EDGE('',*,*,#1131,.T.);
#1448=ORIENTED_EDGE('',*,*,#1132,.T.);
#1449=ORIENTED_EDGE('',*,*,#1133,.F.);
#1450=ORIENTED_EDGE('',*,*,#1134,.T.);
#1451=ORIENTED_EDGE('',*,*,#1135,.F.);
#1452=ORIENTED_EDGE('',*,*,#1136,.T.);
#1453=ORIENTED_EDGE('',*,*,#1137,.F.);
#1454=ORIENTED_EDGE('',*,*,#1138,.T.);
#1455=ORIENTED_EDGE('',*,*,#1139,.T.);
#1456=ORIENTED_EDGE('',*,*,#1140,.T.);
#1457=ORIENTED_EDGE('',*,*,#1141,.T.);
#1458=ORIENTED_EDGE('',*,*,#1142,.T.);
#1459=ORIENTED_EDGE('',*,*,#1143,.T.);
#1460=ORIENTED_EDGE('',*,*,#1144,.T.);
#1461=ORIENTED_EDGE('',*,*,#1145,.T.);
#1462=ORIENTED_EDGE('',*,*,#1146,.T.);
#1463=ORIENTED_EDGE('',*,*,#1127,.F.);
#1464=ORIENTED_EDGE('',*,*,#1147,.F.);
#1465=ORIENTED_EDGE('',*,*,#1148,.F.);
#1466=ORIENTED_EDGE('',*,*,#1132,.F.);
#1467=ORIENTED_EDGE('',*,*,#1149,.T.);
#1468=ORIENTED_EDGE('',*,*,#1150,.T.);
#1469=ORIENTED_EDGE('',*,*,#1151,.F.);
#1470=ORIENTED_EDGE('',*,*,#1152,.F.);
#1471=ORIENTED_EDGE('',*,*,#1153,.T.);
#1472=ORIENTED_EDGE('',*,*,#1128,.F.);
#1473=ORIENTED_EDGE('',*,*,#1133,.T.);
#1474=ORIENTED_EDGE('',*,*,#1148,.T.);
#1475=ORIENTED_EDGE('',*,*,#1154,.T.);
#1476=ORIENTED_EDGE('',*,*,#1155,.T.);
#1477=ORIENTED_EDGE('',*,*,#1135,.T.);
#1478=ORIENTED_EDGE('',*,*,#1156,.T.);
#1479=ORIENTED_EDGE('',*,*,#1157,.T.);
#1480=ORIENTED_EDGE('',*,*,#1158,.T.);
#1481=ORIENTED_EDGE('',*,*,#1158,.F.);
#1482=ORIENTED_EDGE('',*,*,#1159,.F.);
#1483=ORIENTED_EDGE('',*,*,#1160,.F.);
#1484=ORIENTED_EDGE('',*,*,#1136,.F.);
#1485=ORIENTED_EDGE('',*,*,#1137,.T.);
#1486=ORIENTED_EDGE('',*,*,#1160,.T.);
#1487=ORIENTED_EDGE('',*,*,#1161,.T.);
#1488=ORIENTED_EDGE('',*,*,#1162,.T.);
#1489=ORIENTED_EDGE('',*,*,#1163,.F.);
#1490=ORIENTED_EDGE('',*,*,#1164,.F.);
#1491=ORIENTED_EDGE('',*,*,#1165,.F.);
#1492=ORIENTED_EDGE('',*,*,#1166,.F.);
#1493=ORIENTED_EDGE('',*,*,#1166,.T.);
#1494=ORIENTED_EDGE('',*,*,#1167,.F.);
#1495=ORIENTED_EDGE('',*,*,#1143,.F.);
#1496=ORIENTED_EDGE('',*,*,#1168,.T.);
#1497=ORIENTED_EDGE('',*,*,#1165,.T.);
#1498=ORIENTED_EDGE('',*,*,#1169,.F.);
#1499=ORIENTED_EDGE('',*,*,#1144,.F.);
#1500=ORIENTED_EDGE('',*,*,#1167,.T.);
#1501=ORIENTED_EDGE('',*,*,#1164,.T.);
#1502=ORIENTED_EDGE('',*,*,#1170,.F.);
#1503=ORIENTED_EDGE('',*,*,#1145,.F.);
#1504=ORIENTED_EDGE('',*,*,#1169,.T.);
#1505=ORIENTED_EDGE('',*,*,#1163,.T.);
#1506=ORIENTED_EDGE('',*,*,#1168,.F.);
#1507=ORIENTED_EDGE('',*,*,#1146,.F.);
#1508=ORIENTED_EDGE('',*,*,#1170,.T.);
#1509=ORIENTED_EDGE('',*,*,#1171,.T.);
#1510=ORIENTED_EDGE('',*,*,#1172,.T.);
#1511=ORIENTED_EDGE('',*,*,#1152,.T.);
#1512=ORIENTED_EDGE('',*,*,#1173,.T.);
#1513=ORIENTED_EDGE('',*,*,#1171,.F.);
#1514=ORIENTED_EDGE('',*,*,#1174,.F.);
#1515=ORIENTED_EDGE('',*,*,#1175,.F.);
#1516=ORIENTED_EDGE('',*,*,#1176,.T.);
#1517=ORIENTED_EDGE('',*,*,#1177,.F.);
#1518=ORIENTED_EDGE('',*,*,#1178,.F.);
#1519=ORIENTED_EDGE('',*,*,#1179,.F.);
#1520=ORIENTED_EDGE('',*,*,#1180,.F.);
#1521=ORIENTED_EDGE('',*,*,#1173,.F.);
#1522=ORIENTED_EDGE('',*,*,#1151,.T.);
#1523=ORIENTED_EDGE('',*,*,#1181,.F.);
#1524=ORIENTED_EDGE('',*,*,#1174,.T.);
#1525=ORIENTED_EDGE('',*,*,#1175,.T.);
#1526=ORIENTED_EDGE('',*,*,#1181,.T.);
#1527=ORIENTED_EDGE('',*,*,#1150,.F.);
#1528=ORIENTED_EDGE('',*,*,#1182,.T.);
#1529=ORIENTED_EDGE('',*,*,#1183,.T.);
#1530=ORIENTED_EDGE('',*,*,#1184,.T.);
#1531=ORIENTED_EDGE('',*,*,#1177,.T.);
#1532=ORIENTED_EDGE('',*,*,#1185,.T.);
#1533=ORIENTED_EDGE('',*,*,#1184,.F.);
#1534=ORIENTED_EDGE('',*,*,#1186,.T.);
#1535=ORIENTED_EDGE('',*,*,#1187,.F.);
#1536=ORIENTED_EDGE('',*,*,#1178,.T.);
#1537=ORIENTED_EDGE('',*,*,#1179,.T.);
#1538=ORIENTED_EDGE('',*,*,#1187,.T.);
#1539=ORIENTED_EDGE('',*,*,#1188,.T.);
#1540=ORIENTED_EDGE('',*,*,#1189,.T.);
#1541=ORIENTED_EDGE('',*,*,#1183,.F.);
#1542=ORIENTED_EDGE('',*,*,#1190,.F.);
#1543=ORIENTED_EDGE('',*,*,#1130,.F.);
#1544=ORIENTED_EDGE('',*,*,#1191,.T.);
#1545=ORIENTED_EDGE('',*,*,#1188,.F.);
#1546=ORIENTED_EDGE('',*,*,#1186,.F.);
#1547=ORIENTED_EDGE('',*,*,#1149,.F.);
#1548=ORIENTED_EDGE('',*,*,#1131,.F.);
#1549=ORIENTED_EDGE('',*,*,#1190,.T.);
#1550=ORIENTED_EDGE('',*,*,#1185,.F.);
#1551=ORIENTED_EDGE('',*,*,#1176,.F.);
#1552=ORIENTED_EDGE('',*,*,#1182,.F.);
#1553=ORIENTED_EDGE('',*,*,#1172,.F.);
#1554=ORIENTED_EDGE('',*,*,#1180,.T.);
#1555=ORIENTED_EDGE('',*,*,#1189,.F.);
#1556=ORIENTED_EDGE('',*,*,#1191,.F.);
#1557=ORIENTED_EDGE('',*,*,#1129,.F.);
#1558=ORIENTED_EDGE('',*,*,#1153,.F.);
#1559=ORIENTED_EDGE('',*,*,#1141,.F.);
#1560=ORIENTED_EDGE('',*,*,#1192,.T.);
#1561=ORIENTED_EDGE('',*,*,#1193,.F.);
#1562=ORIENTED_EDGE('',*,*,#1194,.F.);
#1563=ORIENTED_EDGE('',*,*,#1139,.F.);
#1564=ORIENTED_EDGE('',*,*,#1195,.T.);
#1565=ORIENTED_EDGE('',*,*,#1196,.F.);
#1566=ORIENTED_EDGE('',*,*,#1197,.F.);
#1567=ORIENTED_EDGE('',*,*,#1140,.F.);
#1568=ORIENTED_EDGE('',*,*,#1197,.T.);
#1569=ORIENTED_EDGE('',*,*,#1198,.F.);
#1570=ORIENTED_EDGE('',*,*,#1192,.F.);
#1571=ORIENTED_EDGE('',*,*,#1198,.T.);
#1572=ORIENTED_EDGE('',*,*,#1196,.T.);
#1573=ORIENTED_EDGE('',*,*,#1199,.T.);
#1574=ORIENTED_EDGE('',*,*,#1193,.T.);
#1575=ORIENTED_EDGE('',*,*,#1155,.F.);
#1576=ORIENTED_EDGE('',*,*,#1200,.F.);
#1577=ORIENTED_EDGE('',*,*,#1156,.F.);
#1578=ORIENTED_EDGE('',*,*,#1134,.F.);
#1579=ORIENTED_EDGE('',*,*,#1125,.F.);
#1580=ORIENTED_EDGE('',*,*,#1142,.F.);
#1581=ORIENTED_EDGE('',*,*,#1194,.T.);
#1582=ORIENTED_EDGE('',*,*,#1199,.F.);
#1583=ORIENTED_EDGE('',*,*,#1195,.F.);
#1584=ORIENTED_EDGE('',*,*,#1138,.F.);
#1585=ORIENTED_EDGE('',*,*,#1162,.F.);
#1586=ORIENTED_EDGE('',*,*,#1201,.F.);
#1587=ORIENTED_EDGE('',*,*,#1126,.F.);
#1588=ORIENTED_EDGE('',*,*,#1201,.T.);
#1589=ORIENTED_EDGE('',*,*,#1161,.F.);
#1590=ORIENTED_EDGE('',*,*,#1159,.T.);
#1591=ORIENTED_EDGE('',*,*,#1157,.F.);
#1592=ORIENTED_EDGE('',*,*,#1200,.T.);
#1593=ORIENTED_EDGE('',*,*,#1154,.F.);
#1594=ORIENTED_EDGE('',*,*,#1147,.T.);
#1595=ORIENTED_EDGE('',*,*,#1202,.F.);
#1596=ORIENTED_EDGE('',*,*,#1203,.F.);
#1597=ORIENTED_EDGE('',*,*,#1204,.F.);
#1598=ORIENTED_EDGE('',*,*,#1205,.F.);
#1599=ORIENTED_EDGE('',*,*,#1205,.T.);
#1600=ORIENTED_EDGE('',*,*,#1206,.F.);
#1601=ORIENTED_EDGE('',*,*,#1207,.F.);
#1602=ORIENTED_EDGE('',*,*,#1208,.F.);
#1603=ORIENTED_EDGE('',*,*,#1204,.T.);
#1604=ORIENTED_EDGE('',*,*,#1209,.T.);
#1605=ORIENTED_EDGE('',*,*,#1210,.T.);
#1606=ORIENTED_EDGE('',*,*,#1206,.T.);
#1607=ORIENTED_EDGE('',*,*,#1211,.F.);
#1608=ORIENTED_EDGE('',*,*,#1207,.T.);
#1609=ORIENTED_EDGE('',*,*,#1210,.F.);
#1610=ORIENTED_EDGE('',*,*,#1212,.F.);
#1611=ORIENTED_EDGE('',*,*,#1203,.T.);
#1612=ORIENTED_EDGE('',*,*,#1213,.F.);
#1613=ORIENTED_EDGE('',*,*,#1212,.T.);
#1614=ORIENTED_EDGE('',*,*,#1209,.F.);
#1615=ORIENTED_EDGE('',*,*,#1202,.T.);
#1616=ORIENTED_EDGE('',*,*,#1208,.T.);
#1617=ORIENTED_EDGE('',*,*,#1211,.T.);
#1618=ORIENTED_EDGE('',*,*,#1213,.T.);
#1619=ORIENTED_EDGE('',*,*,#1214,.F.);
#1620=ORIENTED_EDGE('',*,*,#1215,.T.);
#1621=ORIENTED_EDGE('',*,*,#1216,.F.);
#1622=ORIENTED_EDGE('',*,*,#1217,.F.);
#1623=ORIENTED_EDGE('',*,*,#1218,.F.);
#1624=ORIENTED_EDGE('',*,*,#1217,.T.);
#1625=ORIENTED_EDGE('',*,*,#1219,.F.);
#1626=ORIENTED_EDGE('',*,*,#1220,.F.);
#1627=ORIENTED_EDGE('',*,*,#1221,.F.);
#1628=ORIENTED_EDGE('',*,*,#1220,.T.);
#1629=ORIENTED_EDGE('',*,*,#1222,.F.);
#1630=ORIENTED_EDGE('',*,*,#1223,.F.);
#1631=ORIENTED_EDGE('',*,*,#1224,.F.);
#1632=ORIENTED_EDGE('',*,*,#1223,.T.);
#1633=ORIENTED_EDGE('',*,*,#1225,.F.);
#1634=ORIENTED_EDGE('',*,*,#1215,.F.);
#1635=ORIENTED_EDGE('',*,*,#1225,.T.);
#1636=ORIENTED_EDGE('',*,*,#1222,.T.);
#1637=ORIENTED_EDGE('',*,*,#1219,.T.);
#1638=ORIENTED_EDGE('',*,*,#1216,.T.);
#1639=ORIENTED_EDGE('',*,*,#1224,.T.);
#1640=ORIENTED_EDGE('',*,*,#1214,.T.);
#1641=ORIENTED_EDGE('',*,*,#1218,.T.);
#1642=ORIENTED_EDGE('',*,*,#1221,.T.);
#1643=ORIENTED_EDGE('',*,*,#1226,.F.);
#1644=ORIENTED_EDGE('',*,*,#1227,.F.);
#1645=ORIENTED_EDGE('',*,*,#1228,.F.);
#1646=ORIENTED_EDGE('',*,*,#1229,.F.);
#1647=ORIENTED_EDGE('',*,*,#1230,.F.);
#1648=ORIENTED_EDGE('',*,*,#1231,.F.);
#1649=ORIENTED_EDGE('',*,*,#1232,.F.);
#1650=ORIENTED_EDGE('',*,*,#1233,.F.);
#1651=ORIENTED_EDGE('',*,*,#1233,.T.);
#1652=ORIENTED_EDGE('',*,*,#1234,.F.);
#1653=ORIENTED_EDGE('',*,*,#1235,.F.);
#1654=ORIENTED_EDGE('',*,*,#1236,.T.);
#1655=ORIENTED_EDGE('',*,*,#1232,.T.);
#1656=ORIENTED_EDGE('',*,*,#1237,.F.);
#1657=ORIENTED_EDGE('',*,*,#1238,.F.);
#1658=ORIENTED_EDGE('',*,*,#1234,.T.);
#1659=ORIENTED_EDGE('',*,*,#1227,.T.);
#1660=ORIENTED_EDGE('',*,*,#1239,.F.);
#1661=ORIENTED_EDGE('',*,*,#1240,.F.);
#1662=ORIENTED_EDGE('',*,*,#1241,.T.);
#1663=ORIENTED_EDGE('',*,*,#1226,.T.);
#1664=ORIENTED_EDGE('',*,*,#1242,.F.);
#1665=ORIENTED_EDGE('',*,*,#1243,.F.);
#1666=ORIENTED_EDGE('',*,*,#1239,.T.);
#1667=ORIENTED_EDGE('',*,*,#1229,.T.);
#1668=ORIENTED_EDGE('',*,*,#1244,.F.);
#1669=ORIENTED_EDGE('',*,*,#1245,.F.);
#1670=ORIENTED_EDGE('',*,*,#1242,.T.);
#1671=ORIENTED_EDGE('',*,*,#1228,.T.);
#1672=ORIENTED_EDGE('',*,*,#1241,.F.);
#1673=ORIENTED_EDGE('',*,*,#1246,.F.);
#1674=ORIENTED_EDGE('',*,*,#1244,.T.);
#1675=ORIENTED_EDGE('',*,*,#1247,.T.);
#1676=ORIENTED_EDGE('',*,*,#1248,.T.);
#1677=ORIENTED_EDGE('',*,*,#1249,.T.);
#1678=ORIENTED_EDGE('',*,*,#1250,.T.);
#1679=ORIENTED_EDGE('',*,*,#1249,.F.);
#1680=ORIENTED_EDGE('',*,*,#1251,.T.);
#1681=ORIENTED_EDGE('',*,*,#1252,.F.);
#1682=ORIENTED_EDGE('',*,*,#1253,.T.);
#1683=ORIENTED_EDGE('',*,*,#1254,.F.);
#1684=ORIENTED_EDGE('',*,*,#1255,.T.);
#1685=ORIENTED_EDGE('',*,*,#1256,.F.);
#1686=ORIENTED_EDGE('',*,*,#1257,.T.);
#1687=ORIENTED_EDGE('',*,*,#1258,.T.);
#1688=ORIENTED_EDGE('',*,*,#1259,.T.);
#1689=ORIENTED_EDGE('',*,*,#1260,.T.);
#1690=ORIENTED_EDGE('',*,*,#1261,.T.);
#1691=ORIENTED_EDGE('',*,*,#1248,.F.);
#1692=ORIENTED_EDGE('',*,*,#1262,.T.);
#1693=ORIENTED_EDGE('',*,*,#1263,.F.);
#1694=ORIENTED_EDGE('',*,*,#1251,.F.);
#1695=ORIENTED_EDGE('',*,*,#1252,.T.);
#1696=ORIENTED_EDGE('',*,*,#1263,.T.);
#1697=ORIENTED_EDGE('',*,*,#1264,.T.);
#1698=ORIENTED_EDGE('',*,*,#1265,.T.);
#1699=ORIENTED_EDGE('',*,*,#1266,.T.);
#1700=ORIENTED_EDGE('',*,*,#1267,.T.);
#1701=ORIENTED_EDGE('',*,*,#1254,.T.);
#1702=ORIENTED_EDGE('',*,*,#1268,.T.);
#1703=ORIENTED_EDGE('',*,*,#1267,.F.);
#1704=ORIENTED_EDGE('',*,*,#1269,.T.);
#1705=ORIENTED_EDGE('',*,*,#1270,.F.);
#1706=ORIENTED_EDGE('',*,*,#1255,.F.);
#1707=ORIENTED_EDGE('',*,*,#1271,.T.);
#1708=ORIENTED_EDGE('',*,*,#1272,.T.);
#1709=ORIENTED_EDGE('',*,*,#1273,.T.);
#1710=ORIENTED_EDGE('',*,*,#1274,.T.);
#1711=ORIENTED_EDGE('',*,*,#1256,.T.);
#1712=ORIENTED_EDGE('',*,*,#1270,.T.);
#1713=ORIENTED_EDGE('',*,*,#1275,.T.);
#1714=ORIENTED_EDGE('',*,*,#1276,.T.);
#1715=ORIENTED_EDGE('',*,*,#1265,.F.);
#1716=ORIENTED_EDGE('',*,*,#1277,.T.);
#1717=ORIENTED_EDGE('',*,*,#1268,.F.);
#1718=ORIENTED_EDGE('',*,*,#1253,.F.);
#1719=ORIENTED_EDGE('',*,*,#1278,.T.);
#1720=ORIENTED_EDGE('',*,*,#1279,.T.);
#1721=ORIENTED_EDGE('',*,*,#1280,.T.);
#1722=ORIENTED_EDGE('',*,*,#1260,.F.);
#1723=ORIENTED_EDGE('',*,*,#1281,.T.);
#1724=ORIENTED_EDGE('',*,*,#1282,.F.);
#1725=ORIENTED_EDGE('',*,*,#1278,.F.);
#1726=ORIENTED_EDGE('',*,*,#1259,.F.);
#1727=ORIENTED_EDGE('',*,*,#1271,.F.);
#1728=ORIENTED_EDGE('',*,*,#1283,.T.);
#1729=ORIENTED_EDGE('',*,*,#1284,.T.);
#1730=ORIENTED_EDGE('',*,*,#1285,.F.);
#1731=ORIENTED_EDGE('',*,*,#1274,.F.);
#1732=ORIENTED_EDGE('',*,*,#1286,.T.);
#1733=ORIENTED_EDGE('',*,*,#1287,.T.);
#1734=ORIENTED_EDGE('',*,*,#1283,.F.);
#1735=ORIENTED_EDGE('',*,*,#1273,.F.);
#1736=ORIENTED_EDGE('',*,*,#1288,.T.);
#1737=ORIENTED_EDGE('',*,*,#1289,.T.);
#1738=ORIENTED_EDGE('',*,*,#1286,.F.);
#1739=ORIENTED_EDGE('',*,*,#1272,.F.);
#1740=ORIENTED_EDGE('',*,*,#1285,.T.);
#1741=ORIENTED_EDGE('',*,*,#1290,.T.);
#1742=ORIENTED_EDGE('',*,*,#1288,.F.);
#1743=ORIENTED_EDGE('',*,*,#1290,.F.);
#1744=ORIENTED_EDGE('',*,*,#1284,.F.);
#1745=ORIENTED_EDGE('',*,*,#1287,.F.);
#1746=ORIENTED_EDGE('',*,*,#1289,.F.);
#1747=ORIENTED_EDGE('',*,*,#1291,.F.);
#1748=ORIENTED_EDGE('',*,*,#1292,.F.);
#1749=ORIENTED_EDGE('',*,*,#1281,.F.);
#1750=ORIENTED_EDGE('',*,*,#1258,.F.);
#1751=ORIENTED_EDGE('',*,*,#1292,.T.);
#1752=ORIENTED_EDGE('',*,*,#1293,.T.);
#1753=ORIENTED_EDGE('',*,*,#1279,.F.);
#1754=ORIENTED_EDGE('',*,*,#1282,.T.);
#1755=ORIENTED_EDGE('',*,*,#1245,.T.);
#1756=ORIENTED_EDGE('',*,*,#1246,.T.);
#1757=ORIENTED_EDGE('',*,*,#1240,.T.);
#1758=ORIENTED_EDGE('',*,*,#1243,.T.);
#1759=ORIENTED_EDGE('',*,*,#1294,.T.);
#1760=ORIENTED_EDGE('',*,*,#1295,.T.);
#1761=ORIENTED_EDGE('',*,*,#1296,.T.);
#1762=ORIENTED_EDGE('',*,*,#1297,.T.);
#1763=ORIENTED_EDGE('',*,*,#1295,.F.);
#1764=ORIENTED_EDGE('',*,*,#1298,.F.);
#1765=ORIENTED_EDGE('',*,*,#1299,.F.);
#1766=ORIENTED_EDGE('',*,*,#1300,.F.);
#1767=ORIENTED_EDGE('',*,*,#1301,.T.);
#1768=ORIENTED_EDGE('',*,*,#1302,.T.);
#1769=ORIENTED_EDGE('',*,*,#1303,.T.);
#1770=ORIENTED_EDGE('',*,*,#1299,.T.);
#1771=ORIENTED_EDGE('',*,*,#1302,.F.);
#1772=ORIENTED_EDGE('',*,*,#1304,.F.);
#1773=ORIENTED_EDGE('',*,*,#1305,.F.);
#1774=ORIENTED_EDGE('',*,*,#1306,.F.);
#1775=ORIENTED_EDGE('',*,*,#1307,.T.);
#1776=ORIENTED_EDGE('',*,*,#1308,.T.);
#1777=ORIENTED_EDGE('',*,*,#1309,.T.);
#1778=ORIENTED_EDGE('',*,*,#1305,.T.);
#1779=ORIENTED_EDGE('',*,*,#1308,.F.);
#1780=ORIENTED_EDGE('',*,*,#1310,.F.);
#1781=ORIENTED_EDGE('',*,*,#1311,.F.);
#1782=ORIENTED_EDGE('',*,*,#1312,.F.);
#1783=ORIENTED_EDGE('',*,*,#1313,.T.);
#1784=ORIENTED_EDGE('',*,*,#1314,.T.);
#1785=ORIENTED_EDGE('',*,*,#1315,.T.);
#1786=ORIENTED_EDGE('',*,*,#1311,.T.);
#1787=ORIENTED_EDGE('',*,*,#1297,.F.);
#1788=ORIENTED_EDGE('',*,*,#1316,.F.);
#1789=ORIENTED_EDGE('',*,*,#1314,.F.);
#1790=ORIENTED_EDGE('',*,*,#1317,.F.);
#1791=ORIENTED_EDGE('',*,*,#1280,.F.);
#1792=ORIENTED_EDGE('',*,*,#1293,.F.);
#1793=ORIENTED_EDGE('',*,*,#1291,.T.);
#1794=ORIENTED_EDGE('',*,*,#1261,.F.);
#1795=ORIENTED_EDGE('',*,*,#1306,.T.);
#1796=ORIENTED_EDGE('',*,*,#1309,.F.);
#1797=ORIENTED_EDGE('',*,*,#1312,.T.);
#1798=ORIENTED_EDGE('',*,*,#1315,.F.);
#1799=ORIENTED_EDGE('',*,*,#1316,.T.);
#1800=ORIENTED_EDGE('',*,*,#1296,.F.);
#1801=ORIENTED_EDGE('',*,*,#1300,.T.);
#1802=ORIENTED_EDGE('',*,*,#1303,.F.);
#1803=ORIENTED_EDGE('',*,*,#1230,.T.);
#1804=ORIENTED_EDGE('',*,*,#1236,.F.);
#1805=ORIENTED_EDGE('',*,*,#1318,.F.);
#1806=ORIENTED_EDGE('',*,*,#1319,.T.);
#1807=ORIENTED_EDGE('',*,*,#1231,.T.);
#1808=ORIENTED_EDGE('',*,*,#1319,.F.);
#1809=ORIENTED_EDGE('',*,*,#1320,.F.);
#1810=ORIENTED_EDGE('',*,*,#1237,.T.);
#1811=ORIENTED_EDGE('',*,*,#1250,.F.);
#1812=ORIENTED_EDGE('',*,*,#1257,.F.);
#1813=ORIENTED_EDGE('',*,*,#1276,.F.);
#1814=ORIENTED_EDGE('',*,*,#1321,.F.);
#1815=ORIENTED_EDGE('',*,*,#1304,.T.);
#1816=ORIENTED_EDGE('',*,*,#1301,.F.);
#1817=ORIENTED_EDGE('',*,*,#1298,.T.);
#1818=ORIENTED_EDGE('',*,*,#1294,.F.);
#1819=ORIENTED_EDGE('',*,*,#1317,.T.);
#1820=ORIENTED_EDGE('',*,*,#1313,.F.);
#1821=ORIENTED_EDGE('',*,*,#1310,.T.);
#1822=ORIENTED_EDGE('',*,*,#1307,.F.);
#1823=ORIENTED_EDGE('',*,*,#1247,.F.);
#1824=ORIENTED_EDGE('',*,*,#1321,.T.);
#1825=ORIENTED_EDGE('',*,*,#1275,.F.);
#1826=ORIENTED_EDGE('',*,*,#1269,.F.);
#1827=ORIENTED_EDGE('',*,*,#1266,.F.);
#1828=ORIENTED_EDGE('',*,*,#1277,.F.);
#1829=ORIENTED_EDGE('',*,*,#1264,.F.);
#1830=ORIENTED_EDGE('',*,*,#1262,.F.);
#1831=ORIENTED_EDGE('',*,*,#1238,.T.);
#1832=ORIENTED_EDGE('',*,*,#1320,.T.);
#1833=ORIENTED_EDGE('',*,*,#1318,.T.);
#1834=ORIENTED_EDGE('',*,*,#1235,.T.);
#1835=ORIENTED_EDGE('',*,*,#1322,.F.);
#1836=ORIENTED_EDGE('',*,*,#1323,.T.);
#1837=ORIENTED_EDGE('',*,*,#1324,.F.);
#1838=ORIENTED_EDGE('',*,*,#1325,.F.);
#1839=ORIENTED_EDGE('',*,*,#1326,.F.);
#1840=ORIENTED_EDGE('',*,*,#1325,.T.);
#1841=ORIENTED_EDGE('',*,*,#1327,.F.);
#1842=ORIENTED_EDGE('',*,*,#1328,.F.);
#1843=ORIENTED_EDGE('',*,*,#1329,.F.);
#1844=ORIENTED_EDGE('',*,*,#1328,.T.);
#1845=ORIENTED_EDGE('',*,*,#1330,.F.);
#1846=ORIENTED_EDGE('',*,*,#1331,.F.);
#1847=ORIENTED_EDGE('',*,*,#1332,.F.);
#1848=ORIENTED_EDGE('',*,*,#1331,.T.);
#1849=ORIENTED_EDGE('',*,*,#1333,.F.);
#1850=ORIENTED_EDGE('',*,*,#1323,.F.);
#1851=ORIENTED_EDGE('',*,*,#1333,.T.);
#1852=ORIENTED_EDGE('',*,*,#1330,.T.);
#1853=ORIENTED_EDGE('',*,*,#1327,.T.);
#1854=ORIENTED_EDGE('',*,*,#1324,.T.);
#1855=ORIENTED_EDGE('',*,*,#1334,.F.);
#1856=ORIENTED_EDGE('',*,*,#1335,.T.);
#1857=ORIENTED_EDGE('',*,*,#1336,.F.);
#1858=ORIENTED_EDGE('',*,*,#1337,.F.);
#1859=ORIENTED_EDGE('',*,*,#1338,.F.);
#1860=ORIENTED_EDGE('',*,*,#1337,.T.);
#1861=ORIENTED_EDGE('',*,*,#1339,.F.);
#1862=ORIENTED_EDGE('',*,*,#1340,.F.);
#1863=ORIENTED_EDGE('',*,*,#1341,.F.);
#1864=ORIENTED_EDGE('',*,*,#1340,.T.);
#1865=ORIENTED_EDGE('',*,*,#1342,.F.);
#1866=ORIENTED_EDGE('',*,*,#1343,.F.);
#1867=ORIENTED_EDGE('',*,*,#1344,.F.);
#1868=ORIENTED_EDGE('',*,*,#1343,.T.);
#1869=ORIENTED_EDGE('',*,*,#1345,.F.);
#1870=ORIENTED_EDGE('',*,*,#1335,.F.);
#1871=ORIENTED_EDGE('',*,*,#1345,.T.);
#1872=ORIENTED_EDGE('',*,*,#1342,.T.);
#1873=ORIENTED_EDGE('',*,*,#1339,.T.);
#1874=ORIENTED_EDGE('',*,*,#1336,.T.);
#1875=ORIENTED_EDGE('',*,*,#1346,.F.);
#1876=ORIENTED_EDGE('',*,*,#1347,.T.);
#1877=ORIENTED_EDGE('',*,*,#1348,.F.);
#1878=ORIENTED_EDGE('',*,*,#1349,.F.);
#1879=ORIENTED_EDGE('',*,*,#1350,.F.);
#1880=ORIENTED_EDGE('',*,*,#1349,.T.);
#1881=ORIENTED_EDGE('',*,*,#1351,.F.);
#1882=ORIENTED_EDGE('',*,*,#1352,.F.);
#1883=ORIENTED_EDGE('',*,*,#1353,.F.);
#1884=ORIENTED_EDGE('',*,*,#1352,.T.);
#1885=ORIENTED_EDGE('',*,*,#1354,.F.);
#1886=ORIENTED_EDGE('',*,*,#1355,.F.);
#1887=ORIENTED_EDGE('',*,*,#1356,.F.);
#1888=ORIENTED_EDGE('',*,*,#1355,.T.);
#1889=ORIENTED_EDGE('',*,*,#1357,.F.);
#1890=ORIENTED_EDGE('',*,*,#1347,.F.);
#1891=ORIENTED_EDGE('',*,*,#1357,.T.);
#1892=ORIENTED_EDGE('',*,*,#1354,.T.);
#1893=ORIENTED_EDGE('',*,*,#1351,.T.);
#1894=ORIENTED_EDGE('',*,*,#1348,.T.);
#1895=ORIENTED_EDGE('',*,*,#1358,.F.);
#1896=ORIENTED_EDGE('',*,*,#1359,.T.);
#1897=ORIENTED_EDGE('',*,*,#1360,.F.);
#1898=ORIENTED_EDGE('',*,*,#1361,.F.);
#1899=ORIENTED_EDGE('',*,*,#1362,.F.);
#1900=ORIENTED_EDGE('',*,*,#1361,.T.);
#1901=ORIENTED_EDGE('',*,*,#1363,.F.);
#1902=ORIENTED_EDGE('',*,*,#1364,.F.);
#1903=ORIENTED_EDGE('',*,*,#1365,.F.);
#1904=ORIENTED_EDGE('',*,*,#1364,.T.);
#1905=ORIENTED_EDGE('',*,*,#1366,.F.);
#1906=ORIENTED_EDGE('',*,*,#1367,.F.);
#1907=ORIENTED_EDGE('',*,*,#1368,.F.);
#1908=ORIENTED_EDGE('',*,*,#1367,.T.);
#1909=ORIENTED_EDGE('',*,*,#1369,.F.);
#1910=ORIENTED_EDGE('',*,*,#1359,.F.);
#1911=ORIENTED_EDGE('',*,*,#1369,.T.);
#1912=ORIENTED_EDGE('',*,*,#1366,.T.);
#1913=ORIENTED_EDGE('',*,*,#1363,.T.);
#1914=ORIENTED_EDGE('',*,*,#1360,.T.);
#1915=ORIENTED_EDGE('',*,*,#1370,.T.);
#1916=ORIENTED_EDGE('',*,*,#1371,.T.);
#1917=ORIENTED_EDGE('',*,*,#1372,.F.);
#1918=ORIENTED_EDGE('',*,*,#1373,.F.);
#1919=ORIENTED_EDGE('',*,*,#1374,.T.);
#1920=ORIENTED_EDGE('',*,*,#1373,.T.);
#1921=ORIENTED_EDGE('',*,*,#1375,.F.);
#1922=ORIENTED_EDGE('',*,*,#1376,.F.);
#1923=ORIENTED_EDGE('',*,*,#1377,.T.);
#1924=ORIENTED_EDGE('',*,*,#1376,.T.);
#1925=ORIENTED_EDGE('',*,*,#1378,.F.);
#1926=ORIENTED_EDGE('',*,*,#1379,.F.);
#1927=ORIENTED_EDGE('',*,*,#1380,.T.);
#1928=ORIENTED_EDGE('',*,*,#1379,.T.);
#1929=ORIENTED_EDGE('',*,*,#1381,.F.);
#1930=ORIENTED_EDGE('',*,*,#1371,.F.);
#1931=ORIENTED_EDGE('',*,*,#1380,.F.);
#1932=ORIENTED_EDGE('',*,*,#1370,.F.);
#1933=ORIENTED_EDGE('',*,*,#1374,.F.);
#1934=ORIENTED_EDGE('',*,*,#1377,.F.);
#1935=ORIENTED_EDGE('',*,*,#1322,.T.);
#1936=ORIENTED_EDGE('',*,*,#1326,.T.);
#1937=ORIENTED_EDGE('',*,*,#1329,.T.);
#1938=ORIENTED_EDGE('',*,*,#1332,.T.);
#1939=ORIENTED_EDGE('',*,*,#1334,.T.);
#1940=ORIENTED_EDGE('',*,*,#1338,.T.);
#1941=ORIENTED_EDGE('',*,*,#1341,.T.);
#1942=ORIENTED_EDGE('',*,*,#1344,.T.);
#1943=ORIENTED_EDGE('',*,*,#1346,.T.);
#1944=ORIENTED_EDGE('',*,*,#1350,.T.);
#1945=ORIENTED_EDGE('',*,*,#1353,.T.);
#1946=ORIENTED_EDGE('',*,*,#1356,.T.);
#1947=ORIENTED_EDGE('',*,*,#1358,.T.);
#1948=ORIENTED_EDGE('',*,*,#1362,.T.);
#1949=ORIENTED_EDGE('',*,*,#1365,.T.);
#1950=ORIENTED_EDGE('',*,*,#1368,.T.);
#1951=ORIENTED_EDGE('',*,*,#1381,.T.);
#1952=ORIENTED_EDGE('',*,*,#1378,.T.);
#1953=ORIENTED_EDGE('',*,*,#1375,.T.);
#1954=ORIENTED_EDGE('',*,*,#1372,.T.);
#1955=ORIENTED_EDGE('',*,*,#1382,.T.);
#1956=ORIENTED_EDGE('',*,*,#1383,.T.);
#1957=ORIENTED_EDGE('',*,*,#1384,.T.);
#1958=ORIENTED_EDGE('',*,*,#1385,.T.);
#1959=ORIENTED_EDGE('',*,*,#1386,.T.);
#1960=ORIENTED_EDGE('',*,*,#1387,.T.);
#1961=ORIENTED_EDGE('',*,*,#1388,.T.);
#1962=ORIENTED_EDGE('',*,*,#1389,.T.);
#1963=ORIENTED_EDGE('',*,*,#1390,.F.);
#1964=ORIENTED_EDGE('',*,*,#1391,.T.);
#1965=ORIENTED_EDGE('',*,*,#1392,.T.);
#1966=ORIENTED_EDGE('',*,*,#1385,.F.);
#1967=ORIENTED_EDGE('',*,*,#1393,.F.);
#1968=ORIENTED_EDGE('',*,*,#1394,.F.);
#1969=ORIENTED_EDGE('',*,*,#1395,.F.);
#1970=ORIENTED_EDGE('',*,*,#1390,.T.);
#1971=ORIENTED_EDGE('',*,*,#1393,.T.);
#1972=ORIENTED_EDGE('',*,*,#1384,.F.);
#1973=ORIENTED_EDGE('',*,*,#1396,.F.);
#1974=ORIENTED_EDGE('',*,*,#1397,.T.);
#1975=ORIENTED_EDGE('',*,*,#1394,.T.);
#1976=ORIENTED_EDGE('',*,*,#1383,.F.);
#1977=ORIENTED_EDGE('',*,*,#1398,.F.);
#1978=ORIENTED_EDGE('',*,*,#1399,.F.);
#1979=ORIENTED_EDGE('',*,*,#1396,.T.);
#1980=ORIENTED_EDGE('',*,*,#1382,.F.);
#1981=ORIENTED_EDGE('',*,*,#1400,.T.);
#1982=ORIENTED_EDGE('',*,*,#1401,.T.);
#1983=ORIENTED_EDGE('',*,*,#1402,.T.);
#1984=ORIENTED_EDGE('',*,*,#1403,.T.);
#1985=ORIENTED_EDGE('',*,*,#1404,.T.);
#1986=ORIENTED_EDGE('',*,*,#1405,.T.);
#1987=ORIENTED_EDGE('',*,*,#1406,.T.);
#1988=ORIENTED_EDGE('',*,*,#1401,.F.);
#1989=ORIENTED_EDGE('',*,*,#1407,.T.);
#1990=ORIENTED_EDGE('',*,*,#1408,.T.);
#1991=ORIENTED_EDGE('',*,*,#1409,.T.);
#1992=ORIENTED_EDGE('',*,*,#1403,.F.);
#1993=ORIENTED_EDGE('',*,*,#1410,.T.);
#1994=ORIENTED_EDGE('',*,*,#1408,.F.);
#1995=ORIENTED_EDGE('',*,*,#1411,.T.);
#1996=ORIENTED_EDGE('',*,*,#1405,.F.);
#1997=ORIENTED_EDGE('',*,*,#1404,.F.);
#1998=ORIENTED_EDGE('',*,*,#1412,.F.);
#1999=ORIENTED_EDGE('',*,*,#1413,.F.);
#2000=ORIENTED_EDGE('',*,*,#1414,.T.);
#2001=ORIENTED_EDGE('',*,*,#1400,.F.);
#2002=ORIENTED_EDGE('',*,*,#1415,.F.);
#2003=ORIENTED_EDGE('',*,*,#1416,.F.);
#2004=ORIENTED_EDGE('',*,*,#1412,.T.);
#2005=ORIENTED_EDGE('',*,*,#1402,.F.);
#2006=ORIENTED_EDGE('',*,*,#1406,.F.);
#2007=ORIENTED_EDGE('',*,*,#1411,.F.);
#2008=ORIENTED_EDGE('',*,*,#1407,.F.);
#2009=ORIENTED_EDGE('',*,*,#1417,.F.);
#2010=ORIENTED_EDGE('',*,*,#1418,.F.);
#2011=ORIENTED_EDGE('',*,*,#1419,.F.);
#2012=ORIENTED_EDGE('',*,*,#1420,.F.);
#2013=ORIENTED_EDGE('',*,*,#1418,.T.);
#2014=ORIENTED_EDGE('',*,*,#1421,.F.);
#2015=ORIENTED_EDGE('',*,*,#1422,.F.);
#2016=ORIENTED_EDGE('',*,*,#1423,.T.);
#2017=ORIENTED_EDGE('',*,*,#1417,.T.);
#2018=ORIENTED_EDGE('',*,*,#1424,.F.);
#2019=ORIENTED_EDGE('',*,*,#1425,.F.);
#2020=ORIENTED_EDGE('',*,*,#1421,.T.);
#2021=ORIENTED_EDGE('',*,*,#1420,.T.);
#2022=ORIENTED_EDGE('',*,*,#1426,.F.);
#2023=ORIENTED_EDGE('',*,*,#1427,.F.);
#2024=ORIENTED_EDGE('',*,*,#1424,.T.);
#2025=ORIENTED_EDGE('',*,*,#1419,.T.);
#2026=ORIENTED_EDGE('',*,*,#1423,.F.);
#2027=ORIENTED_EDGE('',*,*,#1428,.F.);
#2028=ORIENTED_EDGE('',*,*,#1426,.T.);
#2029=ORIENTED_EDGE('',*,*,#1409,.F.);
#2030=ORIENTED_EDGE('',*,*,#1429,.F.);
#2031=ORIENTED_EDGE('',*,*,#1430,.F.);
#2032=ORIENTED_EDGE('',*,*,#1415,.T.);
#2033=ORIENTED_EDGE('',*,*,#1410,.F.);
#2034=ORIENTED_EDGE('',*,*,#1414,.F.);
#2035=ORIENTED_EDGE('',*,*,#1431,.F.);
#2036=ORIENTED_EDGE('',*,*,#1429,.T.);
#2037=ORIENTED_EDGE('',*,*,#1399,.T.);
#2038=ORIENTED_EDGE('',*,*,#1432,.F.);
#2039=ORIENTED_EDGE('',*,*,#1433,.F.);
#2040=ORIENTED_EDGE('',*,*,#1434,.F.);
#2041=ORIENTED_EDGE('',*,*,#1435,.F.);
#2042=ORIENTED_EDGE('',*,*,#1391,.F.);
#2043=ORIENTED_EDGE('',*,*,#1395,.T.);
#2044=ORIENTED_EDGE('',*,*,#1397,.F.);
#2045=ORIENTED_EDGE('',*,*,#1430,.T.);
#2046=ORIENTED_EDGE('',*,*,#1431,.T.);
#2047=ORIENTED_EDGE('',*,*,#1413,.T.);
#2048=ORIENTED_EDGE('',*,*,#1416,.T.);
#2049=ORIENTED_EDGE('',*,*,#1436,.F.);
#2050=ORIENTED_EDGE('',*,*,#1432,.T.);
#2051=ORIENTED_EDGE('',*,*,#1398,.T.);
#2052=ORIENTED_EDGE('',*,*,#1389,.F.);
#2053=ORIENTED_EDGE('',*,*,#1437,.F.);
#2054=ORIENTED_EDGE('',*,*,#1433,.T.);
#2055=ORIENTED_EDGE('',*,*,#1436,.T.);
#2056=ORIENTED_EDGE('',*,*,#1388,.F.);
#2057=ORIENTED_EDGE('',*,*,#1438,.F.);
#2058=ORIENTED_EDGE('',*,*,#1434,.T.);
#2059=ORIENTED_EDGE('',*,*,#1437,.T.);
#2060=ORIENTED_EDGE('',*,*,#1387,.F.);
#2061=ORIENTED_EDGE('',*,*,#1392,.F.);
#2062=ORIENTED_EDGE('',*,*,#1435,.T.);
#2063=ORIENTED_EDGE('',*,*,#1438,.T.);
#2064=ORIENTED_EDGE('',*,*,#1386,.F.);
#2065=ORIENTED_EDGE('',*,*,#1427,.T.);
#2066=ORIENTED_EDGE('',*,*,#1428,.T.);
#2067=ORIENTED_EDGE('',*,*,#1422,.T.);
#2068=ORIENTED_EDGE('',*,*,#1425,.T.);
#2069=PLANE('',#2320);
#2070=PLANE('',#2321);
#2071=PLANE('',#2322);
#2072=PLANE('',#2325);
#2073=PLANE('',#2326);
#2074=PLANE('',#2327);
#2075=PLANE('',#2328);
#2076=PLANE('',#2329);
#2077=PLANE('',#2330);
#2078=PLANE('',#2331);
#2079=PLANE('',#2332);
#2080=PLANE('',#2333);
#2081=PLANE('',#2336);
#2082=PLANE('',#2340);
#2083=PLANE('',#2344);
#2084=PLANE('',#2347);
#2085=PLANE('',#2348);
#2086=PLANE('',#2349);
#2087=PLANE('',#2350);
#2088=PLANE('',#2351);
#2089=PLANE('',#2352);
#2090=PLANE('',#2353);
#2091=PLANE('',#2354);
#2092=PLANE('',#2355);
#2093=PLANE('',#2356);
#2094=PLANE('',#2357);
#2095=PLANE('',#2358);
#2096=PLANE('',#2359);
#2097=PLANE('',#2360);
#2098=PLANE('',#2361);
#2099=PLANE('',#2362);
#2100=PLANE('',#2363);
#2101=PLANE('',#2364);
#2102=PLANE('',#2365);
#2103=PLANE('',#2366);
#2104=PLANE('',#2367);
#2105=PLANE('',#2368);
#2106=PLANE('',#2369);
#2107=PLANE('',#2370);
#2108=PLANE('',#2371);
#2109=PLANE('',#2372);
#2110=PLANE('',#2373);
#2111=PLANE('',#2374);
#2112=PLANE('',#2375);
#2113=PLANE('',#2379);
#2114=PLANE('',#2383);
#2115=PLANE('',#2388);
#2116=PLANE('',#2391);
#2117=PLANE('',#2392);
#2118=PLANE('',#2393);
#2119=PLANE('',#2394);
#2120=PLANE('',#2395);
#2121=PLANE('',#2396);
#2122=PLANE('',#2397);
#2123=PLANE('',#2398);
#2124=PLANE('',#2399);
#2125=PLANE('',#2400);
#2126=PLANE('',#2404);
#2127=PLANE('',#2408);
#2128=PLANE('',#2412);
#2129=PLANE('',#2416);
#2130=PLANE('',#2417);
#2131=PLANE('',#2418);
#2132=PLANE('',#2419);
#2133=PLANE('',#2420);
#2134=PLANE('',#2421);
#2135=PLANE('',#2422);
#2136=PLANE('',#2426);
#2137=PLANE('',#2430);
#2138=PLANE('',#2431);
#2139=PLANE('',#2435);
#2140=PLANE('',#2439);
#2141=PLANE('',#2440);
#2142=PLANE('',#2444);
#2143=PLANE('',#2448);
#2144=PLANE('',#2449);
#2145=PLANE('',#2453);
#2146=PLANE('',#2457);
#2147=PLANE('',#2458);
#2148=PLANE('',#2459);
#2149=PLANE('',#2460);
#2150=PLANE('',#2461);
#2151=PLANE('',#2462);
#2152=PLANE('',#2463);
#2153=PLANE('',#2464);
#2154=PLANE('',#2471);
#2155=PLANE('',#2474);
#2156=PLANE('',#2475);
#2157=PLANE('',#2476);
#2158=PLANE('',#2477);
#2159=PLANE('',#2478);
#2160=PLANE('',#2479);
#2161=PLANE('',#2480);
#2162=PLANE('',#2481);
#2163=PLANE('',#2482);
#2164=PLANE('',#2483);
#2165=PLANE('',#2484);
#2166=PLANE('',#2485);
#2167=PLANE('',#2486);
#2168=PLANE('',#2487);
#2169=PLANE('',#2488);
#2170=PLANE('',#2492);
#2171=PLANE('',#2494);
#2172=PLANE('',#2495);
#2173=ADVANCED_FACE('',(#111),#2069,.T.);
#2174=ADVANCED_FACE('',(#112,#97),#2070,.T.);
#2175=ADVANCED_FACE('',(#113),#2071,.T.);
#2176=ADVANCED_FACE('',(#114),#2072,.T.);
#2177=ADVANCED_FACE('',(#115),#2073,.T.);
#2178=ADVANCED_FACE('',(#116),#2074,.T.);
#2179=ADVANCED_FACE('',(#117),#2075,.T.);
#2180=ADVANCED_FACE('',(#118),#2076,.F.);
#2181=ADVANCED_FACE('',(#119),#2077,.T.);
#2182=ADVANCED_FACE('',(#120),#2078,.T.);
#2183=ADVANCED_FACE('',(#121),#2079,.T.);
#2184=ADVANCED_FACE('',(#122),#2080,.T.);
#2185=ADVANCED_FACE('',(#123),#25,.T.);
#2186=ADVANCED_FACE('',(#124),#2081,.T.);
#2187=ADVANCED_FACE('',(#125),#2082,.F.);
#2188=ADVANCED_FACE('',(#126),#26,.T.);
#2189=ADVANCED_FACE('',(#127),#27,.T.);
#2190=ADVANCED_FACE('',(#128),#2083,.T.);
#2191=ADVANCED_FACE('',(#129),#28,.T.);
#2192=ADVANCED_FACE('',(#130),#2084,.T.);
#2193=ADVANCED_FACE('',(#131),#2085,.T.);
#2194=ADVANCED_FACE('',(#132),#2086,.T.);
#2195=ADVANCED_FACE('',(#133),#2087,.T.);
#2196=ADVANCED_FACE('',(#134),#2088,.T.);
#2197=ADVANCED_FACE('',(#135),#2089,.T.);
#2198=ADVANCED_FACE('',(#136),#2090,.T.);
#2199=ADVANCED_FACE('',(#137),#2091,.T.);
#2200=ADVANCED_FACE('',(#138),#2092,.T.);
#2201=ADVANCED_FACE('',(#139),#2093,.F.);
#2202=ADVANCED_FACE('',(#140),#2094,.F.);
#2203=ADVANCED_FACE('',(#141),#2095,.T.);
#2204=ADVANCED_FACE('',(#142),#2096,.T.);
#2205=ADVANCED_FACE('',(#143),#2097,.T.);
#2206=ADVANCED_FACE('',(#144),#2098,.T.);
#2207=ADVANCED_FACE('',(#145),#2099,.F.);
#2208=ADVANCED_FACE('',(#146),#2100,.T.);
#2209=ADVANCED_FACE('',(#147),#2101,.T.);
#2210=ADVANCED_FACE('',(#148),#2102,.T.);
#2211=ADVANCED_FACE('',(#149),#2103,.T.);
#2212=ADVANCED_FACE('',(#150),#2104,.T.);
#2213=ADVANCED_FACE('',(#151),#2105,.F.);
#2214=ADVANCED_FACE('',(#152,#98),#2106,.F.);
#2215=ADVANCED_FACE('',(#153),#2107,.F.);
#2216=ADVANCED_FACE('',(#154),#2108,.F.);
#2217=ADVANCED_FACE('',(#155),#2109,.T.);
#2218=ADVANCED_FACE('',(#156),#2110,.T.);
#2219=ADVANCED_FACE('',(#157),#2111,.T.);
#2220=ADVANCED_FACE('',(#158),#2112,.T.);
#2221=ADVANCED_FACE('',(#159),#29,.T.);
#2222=ADVANCED_FACE('',(#160,#99),#2113,.T.);
#2223=ADVANCED_FACE('',(#161),#2114,.F.);
#2224=ADVANCED_FACE('',(#162),#30,.T.);
#2225=ADVANCED_FACE('',(#163),#31,.T.);
#2226=ADVANCED_FACE('',(#164,#100),#2115,.T.);
#2227=ADVANCED_FACE('',(#165),#32,.T.);
#2228=ADVANCED_FACE('',(#166),#2116,.T.);
#2229=ADVANCED_FACE('',(#167),#2117,.T.);
#2230=ADVANCED_FACE('',(#168),#2118,.T.);
#2231=ADVANCED_FACE('',(#169),#2119,.F.);
#2232=ADVANCED_FACE('',(#170),#2120,.F.);
#2233=ADVANCED_FACE('',(#171),#2121,.F.);
#2234=ADVANCED_FACE('',(#172),#2122,.F.);
#2235=ADVANCED_FACE('',(#173),#2123,.F.);
#2236=ADVANCED_FACE('',(#174),#2124,.T.);
#2237=ADVANCED_FACE('',(#175,#101),#2125,.T.);
#2238=ADVANCED_FACE('',(#176),#33,.F.);
#2239=ADVANCED_FACE('',(#177),#2126,.F.);
#2240=ADVANCED_FACE('',(#178),#34,.F.);
#2241=ADVANCED_FACE('',(#179),#2127,.F.);
#2242=ADVANCED_FACE('',(#180),#35,.F.);
#2243=ADVANCED_FACE('',(#181),#2128,.F.);
#2244=ADVANCED_FACE('',(#182),#36,.F.);
#2245=ADVANCED_FACE('',(#183),#2129,.F.);
#2246=ADVANCED_FACE('',(#184,#102),#2130,.T.);
#2247=ADVANCED_FACE('',(#185),#2131,.F.);
#2248=ADVANCED_FACE('',(#186),#2132,.F.);
#2249=ADVANCED_FACE('',(#187,#103),#2133,.T.);
#2250=ADVANCED_FACE('',(#188,#104),#2134,.T.);
#2251=ADVANCED_FACE('',(#189),#2135,.T.);
#2252=ADVANCED_FACE('',(#190),#37,.F.);
#2253=ADVANCED_FACE('',(#191),#2136,.T.);
#2254=ADVANCED_FACE('',(#192),#38,.T.);
#2255=ADVANCED_FACE('',(#193),#2137,.T.);
#2256=ADVANCED_FACE('',(#194),#2138,.T.);
#2257=ADVANCED_FACE('',(#195),#39,.F.);
#2258=ADVANCED_FACE('',(#196),#2139,.T.);
#2259=ADVANCED_FACE('',(#197),#40,.T.);
#2260=ADVANCED_FACE('',(#198),#2140,.T.);
#2261=ADVANCED_FACE('',(#199),#2141,.T.);
#2262=ADVANCED_FACE('',(#200),#41,.F.);
#2263=ADVANCED_FACE('',(#201),#2142,.T.);
#2264=ADVANCED_FACE('',(#202),#42,.T.);
#2265=ADVANCED_FACE('',(#203),#2143,.T.);
#2266=ADVANCED_FACE('',(#204),#2144,.T.);
#2267=ADVANCED_FACE('',(#205),#43,.F.);
#2268=ADVANCED_FACE('',(#206),#2145,.T.);
#2269=ADVANCED_FACE('',(#207),#44,.T.);
#2270=ADVANCED_FACE('',(#208),#2146,.T.);
#2271=ADVANCED_FACE('',(#209),#2147,.T.);
#2272=ADVANCED_FACE('',(#210),#2148,.T.);
#2273=ADVANCED_FACE('',(#211),#2149,.T.);
#2274=ADVANCED_FACE('',(#212),#2150,.T.);
#2275=ADVANCED_FACE('',(#213,#105,#106,#107,#108),#2151,.T.);
#2276=ADVANCED_FACE('',(#214),#2152,.T.);
#2277=ADVANCED_FACE('',(#215),#2153,.T.);
#2278=ADVANCED_FACE('',(#216),#45,.T.);
#2279=ADVANCED_FACE('',(#217),#2154,.T.);
#2280=ADVANCED_FACE('',(#218),#46,.T.);
#2281=ADVANCED_FACE('',(#219),#2155,.T.);
#2282=ADVANCED_FACE('',(#220),#2156,.T.);
#2283=ADVANCED_FACE('',(#221),#2157,.T.);
#2284=ADVANCED_FACE('',(#222),#2158,.T.);
#2285=ADVANCED_FACE('',(#223),#2159,.T.);
#2286=ADVANCED_FACE('',(#224),#2160,.T.);
#2287=ADVANCED_FACE('',(#225),#2161,.T.);
#2288=ADVANCED_FACE('',(#226,#109),#2162,.F.);
#2289=ADVANCED_FACE('',(#227),#2163,.T.);
#2290=ADVANCED_FACE('',(#228),#2164,.T.);
#2291=ADVANCED_FACE('',(#229),#2165,.T.);
#2292=ADVANCED_FACE('',(#230),#2166,.T.);
#2293=ADVANCED_FACE('',(#231),#2167,.T.);
#2294=ADVANCED_FACE('',(#232),#2168,.T.);
#2295=ADVANCED_FACE('',(#233,#110),#2169,.F.);
#2296=ADVANCED_FACE('',(#234),#47,.T.);
#2297=ADVANCED_FACE('',(#235),#2170,.T.);
#2298=ADVANCED_FACE('',(#236),#48,.T.);
#2299=ADVANCED_FACE('',(#237),#2171,.T.);
#2300=ADVANCED_FACE('',(#238),#2172,.F.);
#2301=CLOSED_SHELL('',(#2173,#2174,#2175,#2176,#2177,#2178,#2179,#2180,
#2181,#2182,#2183,#2184,#2185,#2186,#2187,#2188,#2189,#2190,#2191,#2192,
#2193,#2194,#2195,#2196,#2197,#2198,#2199,#2200,#2201));
#2302=CLOSED_SHELL('',(#2202,#2203,#2204,#2205,#2206,#2207));
#2303=CLOSED_SHELL('',(#2208,#2209,#2210,#2211,#2212,#2213));
#2304=CLOSED_SHELL('',(#2214,#2215,#2216,#2217,#2218,#2219,#2220,#2221,
#2222,#2223,#2224,#2225,#2226,#2227,#2228,#2229,#2230,#2231,#2232,#2233,
#2234,#2235,#2236,#2237,#2238,#2239,#2240,#2241,#2242,#2243,#2244,#2245,
#2246,#2247,#2248,#2249,#2250));
#2305=CLOSED_SHELL('',(#2251,#2252,#2253,#2254,#2255,#2256,#2257,#2258,
#2259,#2260,#2261,#2262,#2263,#2264,#2265,#2266,#2267,#2268,#2269,#2270,
#2271,#2272,#2273,#2274,#2275,#2276));
#2306=CLOSED_SHELL('',(#2277,#2278,#2279,#2280,#2281,#2282,#2283,#2284,
#2285,#2286,#2287,#2288,#2289,#2290,#2291,#2292,#2293,#2294,#2295,#2296,
#2297,#2298,#2299,#2300));
#2307=DERIVED_UNIT_ELEMENT(#2309,1.);
#2308=DERIVED_UNIT_ELEMENT(#3775,-3.);
#2309=(
MASS_UNIT()
NAMED_UNIT(*)
SI_UNIT(.KILO.,.GRAM.)
);
#2310=DERIVED_UNIT((#2307,#2308));
#2311=MEASURE_REPRESENTATION_ITEM('density measure',
POSITIVE_RATIO_MEASURE(7850.),#2310);
#2312=PROPERTY_DEFINITION_REPRESENTATION(#2317,#2314);
#2313=PROPERTY_DEFINITION_REPRESENTATION(#2318,#2315);
#2314=REPRESENTATION('material name',(#2316),#3772);
#2315=REPRESENTATION('density',(#2311),#3772);
#2316=DESCRIPTIVE_REPRESENTATION_ITEM('Steel','Steel');
#2317=PROPERTY_DEFINITION('material property','material name',#3782);
#2318=PROPERTY_DEFINITION('material property','density of part',#3782);
#2319=AXIS2_PLACEMENT_3D('',#3117,#2496,#2497);
#2320=AXIS2_PLACEMENT_3D('',#3118,#2498,#2499);
#2321=AXIS2_PLACEMENT_3D('',#3127,#2504,#2505);
#2322=AXIS2_PLACEMENT_3D('',#3165,#2525,#2526);
#2323=AXIS2_PLACEMENT_3D('',#3172,#2530,#2531);
#2324=AXIS2_PLACEMENT_3D('',#3176,#2533,#2534);
#2325=AXIS2_PLACEMENT_3D('',#3178,#2536,#2537);
#2326=AXIS2_PLACEMENT_3D('',#3182,#2540,#2541);
#2327=AXIS2_PLACEMENT_3D('',#3188,#2545,#2546);
#2328=AXIS2_PLACEMENT_3D('',#3192,#2549,#2550);
#2329=AXIS2_PLACEMENT_3D('',#3196,#2553,#2554);
#2330=AXIS2_PLACEMENT_3D('',#3205,#2559,#2560);
#2331=AXIS2_PLACEMENT_3D('',#3208,#2563,#2564);
#2332=AXIS2_PLACEMENT_3D('',#3210,#2566,#2567);
#2333=AXIS2_PLACEMENT_3D('',#3212,#2569,#2570);
#2334=AXIS2_PLACEMENT_3D('',#3213,#2571,#2572);
#2335=AXIS2_PLACEMENT_3D('',#3216,#2573,#2574);
#2336=AXIS2_PLACEMENT_3D('',#3219,#2577,#2578);
#2337=AXIS2_PLACEMENT_3D('',#3223,#2580,#2581);
#2338=AXIS2_PLACEMENT_3D('',#3227,#2583,#2584);
#2339=AXIS2_PLACEMENT_3D('',#3231,#2586,#2587);
#2340=AXIS2_PLACEMENT_3D('',#3233,#2589,#2590);
#2341=AXIS2_PLACEMENT_3D('',#3235,#2592,#2593);
#2342=AXIS2_PLACEMENT_3D('',#3237,#2595,#2596);
#2343=AXIS2_PLACEMENT_3D('',#3240,#2597,#2598);
#2344=AXIS2_PLACEMENT_3D('',#3243,#2601,#2602);
#2345=AXIS2_PLACEMENT_3D('',#3247,#2605,#2606);
#2346=AXIS2_PLACEMENT_3D('',#3249,#2607,#2608);
#2347=AXIS2_PLACEMENT_3D('',#3251,#2610,#2611);
#2348=AXIS2_PLACEMENT_3D('',#3254,#2614,#2615);
#2349=AXIS2_PLACEMENT_3D('',#3255,#2616,#2617);
#2350=AXIS2_PLACEMENT_3D('',#3256,#2618,#2619);
#2351=AXIS2_PLACEMENT_3D('',#3262,#2623,#2624);
#2352=AXIS2_PLACEMENT_3D('',#3268,#2628,#2629);
#2353=AXIS2_PLACEMENT_3D('',#3270,#2631,#2632);
#2354=AXIS2_PLACEMENT_3D('',#3272,#2634,#2635);
#2355=AXIS2_PLACEMENT_3D('',#3274,#2637,#2638);
#2356=AXIS2_PLACEMENT_3D('',#3276,#2640,#2641);
#2357=AXIS2_PLACEMENT_3D('',#3277,#2642,#2643);
#2358=AXIS2_PLACEMENT_3D('',#3286,#2648,#2649);
#2359=AXIS2_PLACEMENT_3D('',#3292,#2653,#2654);
#2360=AXIS2_PLACEMENT_3D('',#3296,#2657,#2658);
#2361=AXIS2_PLACEMENT_3D('',#3300,#2661,#2662);
#2362=AXIS2_PLACEMENT_3D('',#3302,#2664,#2665);
#2363=AXIS2_PLACEMENT_3D('',#3303,#2666,#2667);
#2364=AXIS2_PLACEMENT_3D('',#3312,#2672,#2673);
#2365=AXIS2_PLACEMENT_3D('',#3318,#2677,#2678);
#2366=AXIS2_PLACEMENT_3D('',#3324,#2682,#2683);
#2367=AXIS2_PLACEMENT_3D('',#3327,#2686,#2687);
#2368=AXIS2_PLACEMENT_3D('',#3328,#2688,#2689);
#2369=AXIS2_PLACEMENT_3D('',#3329,#2690,#2691);
#2370=AXIS2_PLACEMENT_3D('',#3346,#2700,#2701);
#2371=AXIS2_PLACEMENT_3D('',#3352,#2705,#2706);
#2372=AXIS2_PLACEMENT_3D('',#3356,#2709,#2710);
#2373=AXIS2_PLACEMENT_3D('',#3362,#2714,#2715);
#2374=AXIS2_PLACEMENT_3D('',#3366,#2718,#2719);
#2375=AXIS2_PLACEMENT_3D('',#3370,#2722,#2723);
#2376=AXIS2_PLACEMENT_3D('',#3372,#2725,#2726);
#2377=AXIS2_PLACEMENT_3D('',#3375,#2727,#2728);
#2378=AXIS2_PLACEMENT_3D('',#3379,#2730,#2731);
#2379=AXIS2_PLACEMENT_3D('',#3381,#2733,#2734);
#2380=AXIS2_PLACEMENT_3D('',#3385,#2736,#2737);
#2381=AXIS2_PLACEMENT_3D('',#3389,#2739,#2740);
#2382=AXIS2_PLACEMENT_3D('',#3393,#2742,#2743);
#2383=AXIS2_PLACEMENT_3D('',#3403,#2749,#2750);
#2384=AXIS2_PLACEMENT_3D('',#3407,#2753,#2754);
#2385=AXIS2_PLACEMENT_3D('',#3409,#2755,#2756);
#2386=AXIS2_PLACEMENT_3D('',#3411,#2758,#2759);
#2387=AXIS2_PLACEMENT_3D('',#3414,#2760,#2761);
#2388=AXIS2_PLACEMENT_3D('',#3417,#2764,#2765);
#2389=AXIS2_PLACEMENT_3D('',#3429,#2772,#2773);
#2390=AXIS2_PLACEMENT_3D('',#3431,#2774,#2775);
#2391=AXIS2_PLACEMENT_3D('',#3433,#2777,#2778);
#2392=AXIS2_PLACEMENT_3D('',#3435,#2780,#2781);
#2393=AXIS2_PLACEMENT_3D('',#3441,#2785,#2786);
#2394=AXIS2_PLACEMENT_3D('',#3445,#2789,#2790);
#2395=AXIS2_PLACEMENT_3D('',#3451,#2794,#2795);
#2396=AXIS2_PLACEMENT_3D('',#3455,#2798,#2799);
#2397=AXIS2_PLACEMENT_3D('',#3459,#2802,#2803);
#2398=AXIS2_PLACEMENT_3D('',#3461,#2805,#2806);
#2399=AXIS2_PLACEMENT_3D('',#3462,#2807,#2808);
#2400=AXIS2_PLACEMENT_3D('',#3466,#2811,#2812);
#2401=AXIS2_PLACEMENT_3D('',#3468,#2814,#2815);
#2402=AXIS2_PLACEMENT_3D('',#3471,#2816,#2817);
#2403=AXIS2_PLACEMENT_3D('',#3475,#2819,#2820);
#2404=AXIS2_PLACEMENT_3D('',#3477,#2822,#2823);
#2405=AXIS2_PLACEMENT_3D('',#3483,#2827,#2828);
#2406=AXIS2_PLACEMENT_3D('',#3485,#2829,#2830);
#2407=AXIS2_PLACEMENT_3D('',#3488,#2832,#2833);
#2408=AXIS2_PLACEMENT_3D('',#3489,#2834,#2835);
#2409=AXIS2_PLACEMENT_3D('',#3495,#2839,#2840);
#2410=AXIS2_PLACEMENT_3D('',#3497,#2841,#2842);
#2411=AXIS2_PLACEMENT_3D('',#3500,#2844,#2845);
#2412=AXIS2_PLACEMENT_3D('',#3501,#2846,#2847);
#2413=AXIS2_PLACEMENT_3D('',#3507,#2851,#2852);
#2414=AXIS2_PLACEMENT_3D('',#3509,#2853,#2854);
#2415=AXIS2_PLACEMENT_3D('',#3512,#2856,#2857);
#2416=AXIS2_PLACEMENT_3D('',#3513,#2858,#2859);
#2417=AXIS2_PLACEMENT_3D('',#3516,#2862,#2863);
#2418=AXIS2_PLACEMENT_3D('',#3517,#2864,#2865);
#2419=AXIS2_PLACEMENT_3D('',#3521,#2868,#2869);
#2420=AXIS2_PLACEMENT_3D('',#3523,#2871,#2872);
#2421=AXIS2_PLACEMENT_3D('',#3525,#2874,#2875);
#2422=AXIS2_PLACEMENT_3D('',#3526,#2876,#2877);
#2423=AXIS2_PLACEMENT_3D('',#3535,#2882,#2883);
#2424=AXIS2_PLACEMENT_3D('',#3537,#2884,#2885);
#2425=AXIS2_PLACEMENT_3D('',#3539,#2886,#2887);
#2426=AXIS2_PLACEMENT_3D('',#3541,#2889,#2890);
#2427=AXIS2_PLACEMENT_3D('',#3547,#2894,#2895);
#2428=AXIS2_PLACEMENT_3D('',#3548,#2896,#2897);
#2429=AXIS2_PLACEMENT_3D('',#3549,#2898,#2899);
#2430=AXIS2_PLACEMENT_3D('',#3550,#2900,#2901);
#2431=AXIS2_PLACEMENT_3D('',#3551,#2902,#2903);
#2432=AXIS2_PLACEMENT_3D('',#3560,#2908,#2909);
#2433=AXIS2_PLACEMENT_3D('',#3562,#2910,#2911);
#2434=AXIS2_PLACEMENT_3D('',#3564,#2912,#2913);
#2435=AXIS2_PLACEMENT_3D('',#3566,#2915,#2916);
#2436=AXIS2_PLACEMENT_3D('',#3572,#2920,#2921);
#2437=AXIS2_PLACEMENT_3D('',#3573,#2922,#2923);
#2438=AXIS2_PLACEMENT_3D('',#3574,#2924,#2925);
#2439=AXIS2_PLACEMENT_3D('',#3575,#2926,#2927);
#2440=AXIS2_PLACEMENT_3D('',#3576,#2928,#2929);
#2441=AXIS2_PLACEMENT_3D('',#3585,#2934,#2935);
#2442=AXIS2_PLACEMENT_3D('',#3587,#2936,#2937);
#2443=AXIS2_PLACEMENT_3D('',#3589,#2938,#2939);
#2444=AXIS2_PLACEMENT_3D('',#3591,#2941,#2942);
#2445=AXIS2_PLACEMENT_3D('',#3597,#2946,#2947);
#2446=AXIS2_PLACEMENT_3D('',#3598,#2948,#2949);
#2447=AXIS2_PLACEMENT_3D('',#3599,#2950,#2951);
#2448=AXIS2_PLACEMENT_3D('',#3600,#2952,#2953);
#2449=AXIS2_PLACEMENT_3D('',#3601,#2954,#2955);
#2450=AXIS2_PLACEMENT_3D('',#3610,#2960,#2961);
#2451=AXIS2_PLACEMENT_3D('',#3612,#2962,#2963);
#2452=AXIS2_PLACEMENT_3D('',#3614,#2964,#2965);
#2453=AXIS2_PLACEMENT_3D('',#3616,#2967,#2968);
#2454=AXIS2_PLACEMENT_3D('',#3622,#2972,#2973);
#2455=AXIS2_PLACEMENT_3D('',#3623,#2974,#2975);
#2456=AXIS2_PLACEMENT_3D('',#3624,#2976,#2977);
#2457=AXIS2_PLACEMENT_3D('',#3625,#2978,#2979);
#2458=AXIS2_PLACEMENT_3D('',#3626,#2980,#2981);
#2459=AXIS2_PLACEMENT_3D('',#3635,#2986,#2987);
#2460=AXIS2_PLACEMENT_3D('',#3641,#2991,#2992);
#2461=AXIS2_PLACEMENT_3D('',#3647,#2996,#2997);
#2462=AXIS2_PLACEMENT_3D('',#3650,#3000,#3001);
#2463=AXIS2_PLACEMENT_3D('',#3651,#3002,#3003);
#2464=AXIS2_PLACEMENT_3D('',#3652,#3004,#3005);
#2465=AXIS2_PLACEMENT_3D('',#3657,#3007,#3008);
#2466=AXIS2_PLACEMENT_3D('',#3661,#3010,#3011);
#2467=AXIS2_PLACEMENT_3D('',#3665,#3013,#3014);
#2468=AXIS2_PLACEMENT_3D('',#3668,#3016,#3017);
#2469=AXIS2_PLACEMENT_3D('',#3669,#3018,#3019);
#2470=AXIS2_PLACEMENT_3D('',#3674,#3021,#3022);
#2471=AXIS2_PLACEMENT_3D('',#3677,#3025,#3026);
#2472=AXIS2_PLACEMENT_3D('',#3681,#3029,#3030);
#2473=AXIS2_PLACEMENT_3D('',#3684,#3032,#3033);
#2474=AXIS2_PLACEMENT_3D('',#3685,#3034,#3035);
#2475=AXIS2_PLACEMENT_3D('',#3689,#3038,#3039);
#2476=AXIS2_PLACEMENT_3D('',#3698,#3044,#3045);
#2477=AXIS2_PLACEMENT_3D('',#3704,#3049,#3050);
#2478=AXIS2_PLACEMENT_3D('',#3710,#3054,#3055);
#2479=AXIS2_PLACEMENT_3D('',#3713,#3058,#3059);
#2480=AXIS2_PLACEMENT_3D('',#3719,#3063,#3064);
#2481=AXIS2_PLACEMENT_3D('',#3723,#3067,#3068);
#2482=AXIS2_PLACEMENT_3D('',#3732,#3073,#3074);
#2483=AXIS2_PLACEMENT_3D('',#3738,#3078,#3079);
#2484=AXIS2_PLACEMENT_3D('',#3742,#3082,#3083);
#2485=AXIS2_PLACEMENT_3D('',#3746,#3086,#3087);
#2486=AXIS2_PLACEMENT_3D('',#3748,#3089,#3090);
#2487=AXIS2_PLACEMENT_3D('',#3752,#3093,#3094);
#2488=AXIS2_PLACEMENT_3D('',#3754,#3096,#3097);
#2489=AXIS2_PLACEMENT_3D('',#3756,#3098,#3099);
#2490=AXIS2_PLACEMENT_3D('',#3760,#3101,#3102);
#2491=AXIS2_PLACEMENT_3D('',#3762,#3104,#3105);
#2492=AXIS2_PLACEMENT_3D('',#3764,#3107,#3108);
#2493=AXIS2_PLACEMENT_3D('',#3766,#3110,#3111);
#2494=AXIS2_PLACEMENT_3D('',#3768,#3113,#3114);
#2495=AXIS2_PLACEMENT_3D('',#3769,#3115,#3116);
#2496=DIRECTION('axis',(0.,0.,1.));
#2497=DIRECTION('refdir',(1.,0.,0.));
#2498=DIRECTION('center_axis',(0.707106781186549,-0.707106781186546,-1.57009245868377E-16));
#2499=DIRECTION('ref_axis',(0.707106781186546,0.707106781186549,1.57009245868378E-16));
#2500=DIRECTION('',(-0.707106781186546,-0.707106781186549,-1.57009245868378E-16));
#2501=DIRECTION('',(0.,2.22044604925031E-16,-1.));
#2502=DIRECTION('',(0.707106781186546,0.707106781186549,1.57009245868378E-16));
#2503=DIRECTION('',(0.,-2.22044604925031E-16,1.));
#2504=DIRECTION('center_axis',(0.,-2.22044604925031E-16,1.));
#2505=DIRECTION('ref_axis',(0.,-1.,-2.22044604925031E-16));
#2506=DIRECTION('',(0.,1.,2.22044604925031E-16));
#2507=DIRECTION('',(-1.,0.,0.));
#2508=DIRECTION('',(0.,1.,2.22044604925031E-16));
#2509=DIRECTION('',(1.,0.,0.));
#2510=DIRECTION('',(0.,1.,2.22044604925031E-16));
#2511=DIRECTION('',(0.707106781186546,-0.707106781186549,-1.57009245868378E-16));
#2512=DIRECTION('',(-1.,0.,0.));
#2513=DIRECTION('',(0.707106781186548,0.707106781186547,1.57009245868377E-16));
#2514=DIRECTION('',(0.,-1.,-2.22044604925031E-16));
#2515=DIRECTION('',(-0.707106781186547,0.707106781186548,1.57009245868378E-16));
#2516=DIRECTION('',(1.,0.,0.));
#2517=DIRECTION('',(0.,1.,2.22044604925031E-16));
#2518=DIRECTION('',(1.,0.,0.));
#2519=DIRECTION('',(0.,-1.,-2.22044604925031E-16));
#2520=DIRECTION('',(1.,0.,0.));
#2521=DIRECTION('',(0.,1.,2.22044604925031E-16));
#2522=DIRECTION('',(1.,0.,0.));
#2523=DIRECTION('',(0.,-1.,-2.22044604925031E-16));
#2524=DIRECTION('',(-1.,0.,0.));
#2525=DIRECTION('center_axis',(1.,0.,0.));
#2526=DIRECTION('ref_axis',(0.,1.,2.22044604925031E-16));
#2527=DIRECTION('',(0.,-1.,-2.22044604925031E-16));
#2528=DIRECTION('',(0.,2.22044604925031E-16,-1.));
#2529=DIRECTION('',(0.,-2.22044604925031E-16,1.));
#2530=DIRECTION('center_axis',(-1.,0.,0.));
#2531=DIRECTION('ref_axis',(0.,0.707106781186547,-0.707106781186548));
#2532=DIRECTION('',(0.,1.,2.22044604925031E-16));
#2533=DIRECTION('center_axis',(-1.,0.,0.));
#2534=DIRECTION('ref_axis',(0.,-0.707106781186548,-0.707106781186547));
#2535=DIRECTION('',(0.,2.22044604925031E-16,-1.));
#2536=DIRECTION('center_axis',(0.707106781186549,0.707106781186546,1.57009245868377E-16));
#2537=DIRECTION('ref_axis',(-0.707106781186546,0.707106781186549,1.57009245868378E-16));
#2538=DIRECTION('',(-0.707106781186546,0.707106781186549,1.57009245868378E-16));
#2539=DIRECTION('',(0.,-2.22044604925031E-16,1.));
#2540=DIRECTION('center_axis',(-0.707106781186547,0.707106781186548,1.57009245868378E-16));
#2541=DIRECTION('ref_axis',(-0.707106781186548,-0.707106781186547,-1.57009245868377E-16));
#2542=DIRECTION('',(0.,2.22044604925031E-16,-1.));
#2543=DIRECTION('',(-0.707106781186548,-0.707106781186547,-1.57009245868377E-16));
#2544=DIRECTION('',(0.,-2.22044604925031E-16,1.));
#2545=DIRECTION('center_axis',(-1.,0.,0.));
#2546=DIRECTION('ref_axis',(0.,-1.,-2.22044604925031E-16));
#2547=DIRECTION('',(0.,1.,2.22044604925031E-16));
#2548=DIRECTION('',(0.,2.22044604925031E-16,-1.));
#2549=DIRECTION('center_axis',(-0.707106781186548,-0.707106781186547,-1.57009245868377E-16));
#2550=DIRECTION('ref_axis',(0.707106781186547,-0.707106781186548,-1.57009245868378E-16));
#2551=DIRECTION('',(0.707106781186547,-0.707106781186548,-1.57009245868378E-16));
#2552=DIRECTION('',(0.,-2.22044604925031E-16,1.));
#2553=DIRECTION('center_axis',(0.,2.22044604925031E-16,-1.));
#2554=DIRECTION('ref_axis',(0.,1.,2.22044604925031E-16));
#2555=DIRECTION('',(-1.,0.,0.));
#2556=DIRECTION('',(0.,-1.,-2.22044604925031E-16));
#2557=DIRECTION('',(1.,0.,0.));
#2558=DIRECTION('',(0.,1.,2.22044604925031E-16));
#2559=DIRECTION('center_axis',(-1.,0.,0.));
#2560=DIRECTION('ref_axis',(0.,-1.,-2.22044604925031E-16));
#2561=DIRECTION('',(0.,-2.22044604925031E-16,1.));
#2562=DIRECTION('',(0.,-2.22044604925031E-16,1.));
#2563=DIRECTION('center_axis',(0.,1.,2.22044604925031E-16));
#2564=DIRECTION('ref_axis',(-1.,0.,0.));
#2565=DIRECTION('',(0.,-2.22044604925031E-16,1.));
#2566=DIRECTION('center_axis',(1.,0.,0.));
#2567=DIRECTION('ref_axis',(0.,1.,2.22044604925031E-16));
#2568=DIRECTION('',(0.,-2.22044604925031E-16,1.));
#2569=DIRECTION('center_axis',(0.,-1.,-2.22044604925031E-16));
#2570=DIRECTION('ref_axis',(1.,0.,0.));
#2571=DIRECTION('center_axis',(-1.,0.,0.));
#2572=DIRECTION('ref_axis',(0.,-0.707106781186548,-0.707106781186547));
#2573=DIRECTION('center_axis',(-1.,0.,0.));
#2574=DIRECTION('ref_axis',(0.,-0.707106781186548,-0.707106781186547));
#2575=DIRECTION('',(-1.,0.,0.));
#2576=DIRECTION('',(1.,0.,0.));
#2577=DIRECTION('center_axis',(1.,0.,0.));
#2578=DIRECTION('ref_axis',(0.,1.,2.22044604925031E-16));
#2579=DIRECTION('',(0.,-1.,-2.22044604925031E-16));
#2580=DIRECTION('center_axis',(-1.,0.,0.));
#2581=DIRECTION('ref_axis',(0.,0.707106781186547,-0.707106781186548));
#2582=DIRECTION('',(0.,-2.22044604925031E-16,1.));
#2583=DIRECTION('center_axis',(-1.,0.,0.));
#2584=DIRECTION('ref_axis',(0.,0.707106781186547,0.707106781186548));
#2585=DIRECTION('',(0.,1.,2.22044604925031E-16));
#2586=DIRECTION('center_axis',(-1.,0.,0.));
#2587=DIRECTION('ref_axis',(0.,-0.707106781186548,0.707106781186547));
#2588=DIRECTION('',(0.,-2.22044604925031E-16,1.));
#2589=DIRECTION('center_axis',(0.,-2.22044604925031E-16,1.));
#2590=DIRECTION('ref_axis',(-1.,0.,0.));
#2591=DIRECTION('',(-1.,0.,0.));
#2592=DIRECTION('center_axis',(1.,0.,0.));
#2593=DIRECTION('ref_axis',(0.,0.707106781186547,-0.707106781186548));
#2594=DIRECTION('',(1.,0.,0.));
#2595=DIRECTION('center_axis',(-1.,0.,0.));
#2596=DIRECTION('ref_axis',(0.,0.707106781186547,0.707106781186548));
#2597=DIRECTION('center_axis',(1.,0.,0.));
#2598=DIRECTION('ref_axis',(0.,0.707106781186547,0.707106781186548));
#2599=DIRECTION('',(1.,0.,0.));
#2600=DIRECTION('',(-1.,0.,0.));
#2601=DIRECTION('center_axis',(0.,-2.22044604925031E-16,1.));
#2602=DIRECTION('ref_axis',(0.,-1.,-2.22044604925031E-16));
#2603=DIRECTION('',(0.,-1.,-2.22044604925031E-16));
#2604=DIRECTION('',(-1.,0.,0.));
#2605=DIRECTION('center_axis',(1.,0.,0.));
#2606=DIRECTION('ref_axis',(0.,-0.707106781186548,0.707106781186547));
#2607=DIRECTION('center_axis',(1.,0.,0.));
#2608=DIRECTION('ref_axis',(0.,-0.707106781186548,0.707106781186547));
#2609=DIRECTION('',(1.,0.,0.));
#2610=DIRECTION('center_axis',(-1.,0.,0.));
#2611=DIRECTION('ref_axis',(0.,-1.,-2.22044604925031E-16));
#2612=DIRECTION('',(0.,-2.22044604925031E-16,1.));
#2613=DIRECTION('',(0.,-2.22044604925031E-16,1.));
#2614=DIRECTION('center_axis',(0.,1.,2.22044604925031E-16));
#2615=DIRECTION('ref_axis',(-1.,0.,0.));
#2616=DIRECTION('center_axis',(0.,-1.,-2.22044604925031E-16));
#2617=DIRECTION('ref_axis',(1.,0.,0.));
#2618=DIRECTION('center_axis',(1.,0.,0.));
#2619=DIRECTION('ref_axis',(0.,1.,2.22044604925031E-16));
#2620=DIRECTION('',(0.,-2.22044604925031E-16,1.));
#2621=DIRECTION('',(0.,1.,2.22044604925031E-16));
#2622=DIRECTION('',(0.,-2.22044604925031E-16,1.));
#2623=DIRECTION('center_axis',(-1.,0.,0.));
#2624=DIRECTION('ref_axis',(0.,-1.,-2.22044604925031E-16));
#2625=DIRECTION('',(0.,-2.22044604925031E-16,1.));
#2626=DIRECTION('',(0.,-1.,-2.22044604925031E-16));
#2627=DIRECTION('',(0.,-2.22044604925031E-16,1.));
#2628=DIRECTION('center_axis',(0.,1.,2.22044604925031E-16));
#2629=DIRECTION('ref_axis',(-1.,0.,0.));
#2630=DIRECTION('',(-1.,0.,0.));
#2631=DIRECTION('center_axis',(0.,-2.22044604925031E-16,1.));
#2632=DIRECTION('ref_axis',(0.,-1.,-2.22044604925031E-16));
#2633=DIRECTION('',(1.,0.,0.));
#2634=DIRECTION('center_axis',(0.,1.,2.22044604925031E-16));
#2635=DIRECTION('ref_axis',(-1.,0.,0.));
#2636=DIRECTION('',(1.,0.,0.));
#2637=DIRECTION('center_axis',(0.,-1.,-2.22044604925031E-16));
#2638=DIRECTION('ref_axis',(1.,0.,0.));
#2639=DIRECTION('',(-1.,0.,0.));
#2640=DIRECTION('center_axis',(0.,-2.22044604925031E-16,1.));
#2641=DIRECTION('ref_axis',(1.,0.,0.));
#2642=DIRECTION('center_axis',(-1.,0.,0.));
#2643=DIRECTION('ref_axis',(0.,0.,1.));
#2644=DIRECTION('',(0.,-1.,-2.22044604925031E-16));
#2645=DIRECTION('',(0.,2.22044604925031E-16,-1.));
#2646=DIRECTION('',(0.,1.,2.22044604925031E-16));
#2647=DIRECTION('',(0.,-2.22044604925031E-16,1.));
#2648=DIRECTION('center_axis',(0.,-1.,-2.22044604925031E-16));
#2649=DIRECTION('ref_axis',(1.,0.,0.));
#2650=DIRECTION('',(1.,0.,0.));
#2651=DIRECTION('',(0.,-2.22044604925031E-16,1.));
#2652=DIRECTION('',(-1.,0.,0.));
#2653=DIRECTION('center_axis',(0.,-2.22044604925031E-16,1.));
#2654=DIRECTION('ref_axis',(0.,-1.,-2.22044604925031E-16));
#2655=DIRECTION('',(-1.,0.,0.));
#2656=DIRECTION('',(0.,-1.,-2.22044604925031E-16));
#2657=DIRECTION('center_axis',(-1.,0.,0.));
#2658=DIRECTION('ref_axis',(0.,-1.,-2.22044604925031E-16));
#2659=DIRECTION('',(0.,1.,2.22044604925031E-16));
#2660=DIRECTION('',(0.,-2.22044604925031E-16,1.));
#2661=DIRECTION('center_axis',(0.,1.,2.22044604925031E-16));
#2662=DIRECTION('ref_axis',(-1.,0.,0.));
#2663=DIRECTION('',(1.,0.,0.));
#2664=DIRECTION('center_axis',(0.,-2.22044604925031E-16,1.));
#2665=DIRECTION('ref_axis',(1.,0.,0.));
#2666=DIRECTION('center_axis',(1.,0.,0.));
#2667=DIRECTION('ref_axis',(0.,0.,-1.));
#2668=DIRECTION('',(0.,0.,1.));
#2669=DIRECTION('',(0.,1.,0.));
#2670=DIRECTION('',(0.,0.,-1.));
#2671=DIRECTION('',(0.,1.,0.));
#2672=DIRECTION('center_axis',(0.,0.,1.));
#2673=DIRECTION('ref_axis',(1.,0.,0.));
#2674=DIRECTION('',(-1.,0.,0.));
#2675=DIRECTION('',(1.,0.,0.));
#2676=DIRECTION('',(0.,1.,0.));
#2677=DIRECTION('center_axis',(-1.,0.,0.));
#2678=DIRECTION('ref_axis',(0.,0.,1.));
#2679=DIRECTION('',(0.,0.,-1.));
#2680=DIRECTION('',(0.,0.,1.));
#2681=DIRECTION('',(0.,1.,0.));
#2682=DIRECTION('center_axis',(0.,0.,-1.));
#2683=DIRECTION('ref_axis',(-1.,0.,0.));
#2684=DIRECTION('',(1.,0.,0.));
#2685=DIRECTION('',(-1.,0.,0.));
#2686=DIRECTION('center_axis',(0.,1.,0.));
#2687=DIRECTION('ref_axis',(0.,0.,1.));
#2688=DIRECTION('center_axis',(0.,1.,0.));
#2689=DIRECTION('ref_axis',(1.,0.,0.));
#2690=DIRECTION('center_axis',(0.,0.,1.));
#2691=DIRECTION('ref_axis',(1.,0.,0.));
#2692=DIRECTION('',(1.,0.,0.));
#2693=DIRECTION('',(0.,-1.,0.));
#2694=DIRECTION('',(-1.,0.,0.));
#2695=DIRECTION('',(0.,1.,0.));
#2696=DIRECTION('',(0.,1.,0.));
#2697=DIRECTION('',(-1.,0.,0.));
#2698=DIRECTION('',(0.,-1.,0.));
#2699=DIRECTION('',(1.,0.,0.));
#2700=DIRECTION('center_axis',(0.,1.,0.));
#2701=DIRECTION('ref_axis',(1.,0.,0.));
#2702=DIRECTION('',(0.,0.,-1.));
#2703=DIRECTION('',(1.,0.,0.));
#2704=DIRECTION('',(0.,0.,-1.));
#2705=DIRECTION('center_axis',(1.,0.,0.));
#2706=DIRECTION('ref_axis',(0.,-1.,0.));
#2707=DIRECTION('',(0.,0.,-1.));
#2708=DIRECTION('',(0.,-1.,0.));
#2709=DIRECTION('center_axis',(-1.,0.,0.));
#2710=DIRECTION('ref_axis',(0.,1.,0.));
#2711=DIRECTION('',(0.,0.,-1.));
#2712=DIRECTION('',(0.,-1.,0.));
#2713=DIRECTION('',(0.,0.,-1.));
#2714=DIRECTION('center_axis',(0.,-1.,0.));
#2715=DIRECTION('ref_axis',(-1.,0.,0.));
#2716=DIRECTION('',(0.,0.,-1.));
#2717=DIRECTION('',(1.,0.,0.));
#2718=DIRECTION('center_axis',(1.,0.,0.));
#2719=DIRECTION('ref_axis',(0.,-1.,0.));
#2720=DIRECTION('',(0.,0.,-1.));
#2721=DIRECTION('',(0.,1.,0.));
#2722=DIRECTION('center_axis',(0.,1.,0.));
#2723=DIRECTION('ref_axis',(1.,0.,0.));
#2724=DIRECTION('',(-1.,0.,0.));
#2725=DIRECTION('center_axis',(0.,0.,1.));
#2726=DIRECTION('ref_axis',(0.707106781186548,-0.707106781186547,0.));
#2727=DIRECTION('center_axis',(0.,0.,-1.));
#2728=DIRECTION('ref_axis',(0.707106781186548,-0.707106781186547,0.));
#2729=DIRECTION('',(0.,0.,-1.));
#2730=DIRECTION('center_axis',(0.,0.,1.));
#2731=DIRECTION('ref_axis',(0.707106781186548,-0.707106781186547,0.));
#2732=DIRECTION('',(0.,0.,1.));
#2733=DIRECTION('center_axis',(0.,0.,-1.));
#2734=DIRECTION('ref_axis',(-1.,0.,0.));
#2735=DIRECTION('',(-1.,0.,0.));
#2736=DIRECTION('center_axis',(0.,0.,1.));
#2737=DIRECTION('ref_axis',(-0.707106781186547,-0.707106781186548,0.));
#2738=DIRECTION('',(0.,1.,0.));
#2739=DIRECTION('center_axis',(0.,0.,1.));
#2740=DIRECTION('ref_axis',(-0.707106781186548,0.707106781186547,0.));
#2741=DIRECTION('',(1.,0.,0.));
#2742=DIRECTION('center_axis',(0.,0.,1.));
#2743=DIRECTION('ref_axis',(0.70710678118655,0.707106781186545,0.));
#2744=DIRECTION('',(0.,-1.,0.));
#2745=DIRECTION('',(-1.,0.,0.));
#2746=DIRECTION('',(0.,-1.,0.));
#2747=DIRECTION('',(1.,0.,0.));
#2748=DIRECTION('',(0.,1.,0.));
#2749=DIRECTION('center_axis',(0.,1.,0.));
#2750=DIRECTION('ref_axis',(1.,0.,0.));
#2751=DIRECTION('',(-1.,0.,0.));
#2752=DIRECTION('',(0.,0.,1.));
#2753=DIRECTION('center_axis',(0.,0.,-1.));
#2754=DIRECTION('ref_axis',(-0.707106781186547,-0.707106781186548,0.));
#2755=DIRECTION('center_axis',(0.,0.,-1.));
#2756=DIRECTION('ref_axis',(-0.707106781186547,-0.707106781186548,0.));
#2757=DIRECTION('',(0.,0.,-1.));
#2758=DIRECTION('center_axis',(0.,0.,1.));
#2759=DIRECTION('ref_axis',(-0.707106781186548,0.707106781186547,0.));
#2760=DIRECTION('center_axis',(0.,0.,-1.));
#2761=DIRECTION('ref_axis',(-0.707106781186548,0.707106781186547,0.));
#2762=DIRECTION('',(0.,0.,-1.));
#2763=DIRECTION('',(0.,0.,1.));
#2764=DIRECTION('center_axis',(0.,1.,0.));
#2765=DIRECTION('ref_axis',(0.,0.,1.));
#2766=DIRECTION('',(1.,0.,0.));
#2767=DIRECTION('',(0.,0.,1.));
#2768=DIRECTION('',(0.,0.,1.));
#2769=DIRECTION('',(-1.,0.,0.));
#2770=DIRECTION('',(0.,0.,-1.));
#2771=DIRECTION('',(1.,0.,0.));
#2772=DIRECTION('center_axis',(0.,0.,-1.));
#2773=DIRECTION('ref_axis',(0.70710678118655,0.707106781186545,0.));
#2774=DIRECTION('center_axis',(0.,0.,-1.));
#2775=DIRECTION('ref_axis',(0.70710678118655,0.707106781186545,0.));
#2776=DIRECTION('',(0.,0.,-1.));
#2777=DIRECTION('center_axis',(-1.,0.,0.));
#2778=DIRECTION('ref_axis',(0.,0.,1.));
#2779=DIRECTION('',(0.,1.,0.));
#2780=DIRECTION('center_axis',(0.,1.,0.));
#2781=DIRECTION('ref_axis',(0.,0.,1.));
#2782=DIRECTION('',(0.,0.,1.));
#2783=DIRECTION('',(1.,0.,0.));
#2784=DIRECTION('',(0.,0.,-1.));
#2785=DIRECTION('center_axis',(1.,0.,0.));
#2786=DIRECTION('ref_axis',(0.,0.,-1.));
#2787=DIRECTION('',(0.,0.,1.));
#2788=DIRECTION('',(0.,1.,0.));
#2789=DIRECTION('center_axis',(1.,0.,0.));
#2790=DIRECTION('ref_axis',(0.,0.,1.));
#2791=DIRECTION('',(0.,-1.,0.));
#2792=DIRECTION('',(0.,0.,1.));
#2793=DIRECTION('',(0.,-1.,0.));
#2794=DIRECTION('center_axis',(0.,0.,-1.));
#2795=DIRECTION('ref_axis',(1.,0.,0.));
#2796=DIRECTION('',(0.,-1.,0.));
#2797=DIRECTION('',(1.,0.,0.));
#2798=DIRECTION('center_axis',(-1.,0.,0.));
#2799=DIRECTION('ref_axis',(0.,0.,-1.));
#2800=DIRECTION('',(0.,-1.,0.));
#2801=DIRECTION('',(0.,0.,-1.));
#2802=DIRECTION('center_axis',(0.,0.,1.));
#2803=DIRECTION('ref_axis',(-1.,0.,0.));
#2804=DIRECTION('',(-1.,0.,0.));
#2805=DIRECTION('center_axis',(0.,-1.,0.));
#2806=DIRECTION('ref_axis',(0.,0.,-1.));
#2807=DIRECTION('center_axis',(0.,-1.,0.));
#2808=DIRECTION('ref_axis',(0.,0.,-1.));
#2809=DIRECTION('',(0.,0.,-1.));
#2810=DIRECTION('',(1.,0.,0.));
#2811=DIRECTION('center_axis',(0.,0.,-1.));
#2812=DIRECTION('ref_axis',(-1.,0.,0.));
#2813=DIRECTION('',(0.,-1.,0.));
#2814=DIRECTION('center_axis',(-1.,0.,0.));
#2815=DIRECTION('ref_axis',(0.,-0.707106781186548,0.707106781186547));
#2816=DIRECTION('center_axis',(1.,0.,0.));
#2817=DIRECTION('ref_axis',(0.,-0.707106781186548,0.707106781186547));
#2818=DIRECTION('',(-1.,0.,0.));
#2819=DIRECTION('center_axis',(-1.,0.,0.));
#2820=DIRECTION('ref_axis',(0.,-0.707106781186548,0.707106781186547));
#2821=DIRECTION('',(1.,0.,0.));
#2822=DIRECTION('center_axis',(0.,-1.,0.));
#2823=DIRECTION('ref_axis',(0.,0.,1.));
#2824=DIRECTION('',(0.,0.,1.));
#2825=DIRECTION('',(1.,0.,0.));
#2826=DIRECTION('',(0.,0.,-1.));
#2827=DIRECTION('center_axis',(-1.,0.,0.));
#2828=DIRECTION('ref_axis',(0.,-0.707106781186548,-0.707106781186547));
#2829=DIRECTION('center_axis',(1.,0.,0.));
#2830=DIRECTION('ref_axis',(0.,-0.707106781186548,-0.707106781186547));
#2831=DIRECTION('',(-1.,0.,0.));
#2832=DIRECTION('center_axis',(-1.,0.,0.));
#2833=DIRECTION('ref_axis',(0.,-0.707106781186548,-0.707106781186547));
#2834=DIRECTION('center_axis',(0.,0.,-1.));
#2835=DIRECTION('ref_axis',(0.,-1.,0.));
#2836=DIRECTION('',(0.,-1.,0.));
#2837=DIRECTION('',(1.,0.,0.));
#2838=DIRECTION('',(0.,1.,0.));
#2839=DIRECTION('center_axis',(-1.,0.,0.));
#2840=DIRECTION('ref_axis',(0.,0.707106781186546,-0.707106781186549));
#2841=DIRECTION('center_axis',(1.,0.,0.));
#2842=DIRECTION('ref_axis',(0.,0.707106781186546,-0.707106781186549));
#2843=DIRECTION('',(-1.,0.,0.));
#2844=DIRECTION('center_axis',(-1.,0.,0.));
#2845=DIRECTION('ref_axis',(0.,0.707106781186546,-0.707106781186549));
#2846=DIRECTION('center_axis',(0.,1.,0.));
#2847=DIRECTION('ref_axis',(0.,0.,-1.));
#2848=DIRECTION('',(0.,0.,-1.));
#2849=DIRECTION('',(1.,0.,0.));
#2850=DIRECTION('',(0.,0.,1.));
#2851=DIRECTION('center_axis',(-1.,0.,0.));
#2852=DIRECTION('ref_axis',(0.,0.707106781186546,0.707106781186549));
#2853=DIRECTION('center_axis',(1.,0.,0.));
#2854=DIRECTION('ref_axis',(0.,0.707106781186546,0.707106781186549));
#2855=DIRECTION('',(-1.,0.,0.));
#2856=DIRECTION('center_axis',(-1.,0.,0.));
#2857=DIRECTION('ref_axis',(0.,0.707106781186546,0.707106781186549));
#2858=DIRECTION('center_axis',(0.,0.,1.));
#2859=DIRECTION('ref_axis',(0.,1.,0.));
#2860=DIRECTION('',(0.,-1.,0.));
#2861=DIRECTION('',(0.,1.,0.));
#2862=DIRECTION('center_axis',(-1.,0.,0.));
#2863=DIRECTION('ref_axis',(0.,0.,1.));
#2864=DIRECTION('center_axis',(-1.,0.,0.));
#2865=DIRECTION('ref_axis',(0.,1.,0.));
#2866=DIRECTION('',(0.,1.,0.));
#2867=DIRECTION('',(0.,0.,-1.));
#2868=DIRECTION('center_axis',(0.,-1.,0.));
#2869=DIRECTION('ref_axis',(-1.,0.,0.));
#2870=DIRECTION('',(-1.,0.,0.));
#2871=DIRECTION('center_axis',(1.,0.,0.));
#2872=DIRECTION('ref_axis',(0.,0.,-1.));
#2873=DIRECTION('',(0.,1.,0.));
#2874=DIRECTION('center_axis',(0.,0.,1.));
#2875=DIRECTION('ref_axis',(1.,0.,0.));
#2876=DIRECTION('center_axis',(-0.813733471206735,0.,0.581238193719096));
#2877=DIRECTION('ref_axis',(0.581238193719096,0.,0.813733471206735));
#2878=DIRECTION('',(-0.581238193719096,0.,-0.813733471206735));
#2879=DIRECTION('',(0.,1.,0.));
#2880=DIRECTION('',(0.581238193719096,0.,0.813733471206735));
#2881=DIRECTION('',(0.,1.,0.));
#2882=DIRECTION('center_axis',(0.,1.,0.));
#2883=DIRECTION('ref_axis',(1.,0.,1.22464679914735E-16));
#2884=DIRECTION('center_axis',(0.,1.,0.));
#2885=DIRECTION('ref_axis',(-1.,0.,0.));
#2886=DIRECTION('center_axis',(0.,-1.,0.));
#2887=DIRECTION('ref_axis',(-1.,0.,0.));
#2888=DIRECTION('',(0.,1.,0.));
#2889=DIRECTION('center_axis',(-0.813733471206735,0.,-0.581238193719096));
#2890=DIRECTION('ref_axis',(-0.581238193719096,0.,0.813733471206735));
#2891=DIRECTION('',(0.581238193719096,0.,-0.813733471206735));
#2892=DIRECTION('',(-0.581238193719096,0.,0.813733471206735));
#2893=DIRECTION('',(0.,1.,0.));
#2894=DIRECTION('center_axis',(0.,1.,0.));
#2895=DIRECTION('ref_axis',(1.,0.,1.22464679914735E-16));
#2896=DIRECTION('center_axis',(0.,-1.,0.));
#2897=DIRECTION('ref_axis',(-1.,0.,0.));
#2898=DIRECTION('center_axis',(0.,1.,0.));
#2899=DIRECTION('ref_axis',(-1.,0.,0.));
#2900=DIRECTION('center_axis',(0.,1.,0.));
#2901=DIRECTION('ref_axis',(-1.,0.,0.));
#2902=DIRECTION('center_axis',(0.813733471206735,0.,-0.581238193719096));
#2903=DIRECTION('ref_axis',(-0.581238193719096,0.,-0.813733471206735));
#2904=DIRECTION('',(0.581238193719096,0.,0.813733471206735));
#2905=DIRECTION('',(0.,1.,0.));
#2906=DIRECTION('',(-0.581238193719096,0.,-0.813733471206735));
#2907=DIRECTION('',(0.,1.,0.));
#2908=DIRECTION('center_axis',(0.,1.,0.));
#2909=DIRECTION('ref_axis',(-1.,0.,0.));
#2910=DIRECTION('center_axis',(0.,1.,0.));
#2911=DIRECTION('ref_axis',(-1.,0.,0.));
#2912=DIRECTION('center_axis',(0.,-1.,0.));
#2913=DIRECTION('ref_axis',(-1.,0.,0.));
#2914=DIRECTION('',(0.,1.,0.));
#2915=DIRECTION('center_axis',(0.813733471206735,0.,0.581238193719096));
#2916=DIRECTION('ref_axis',(0.581238193719096,0.,-0.813733471206735));
#2917=DIRECTION('',(-0.581238193719096,0.,0.813733471206735));
#2918=DIRECTION('',(0.581238193719096,0.,-0.813733471206735));
#2919=DIRECTION('',(0.,1.,0.));
#2920=DIRECTION('center_axis',(0.,1.,0.));
#2921=DIRECTION('ref_axis',(-1.,0.,0.));
#2922=DIRECTION('center_axis',(0.,-1.,0.));
#2923=DIRECTION('ref_axis',(-1.,0.,0.));
#2924=DIRECTION('center_axis',(0.,1.,0.));
#2925=DIRECTION('ref_axis',(-1.,0.,0.));
#2926=DIRECTION('center_axis',(0.,1.,0.));
#2927=DIRECTION('ref_axis',(-1.,0.,0.));
#2928=DIRECTION('center_axis',(-0.813733471206735,0.,0.581238193719096));
#2929=DIRECTION('ref_axis',(0.581238193719096,0.,0.813733471206735));
#2930=DIRECTION('',(-0.581238193719096,0.,-0.813733471206735));
#2931=DIRECTION('',(0.,1.,0.));
#2932=DIRECTION('',(0.581238193719096,0.,0.813733471206735));
#2933=DIRECTION('',(0.,1.,0.));
#2934=DIRECTION('center_axis',(0.,1.,0.));
#2935=DIRECTION('ref_axis',(1.,0.,1.22464679914735E-16));
#2936=DIRECTION('center_axis',(0.,1.,0.));
#2937=DIRECTION('ref_axis',(-1.,0.,0.));
#2938=DIRECTION('center_axis',(0.,-1.,0.));
#2939=DIRECTION('ref_axis',(-1.,0.,0.));
#2940=DIRECTION('',(0.,1.,0.));
#2941=DIRECTION('center_axis',(-0.813733471206735,0.,-0.581238193719096));
#2942=DIRECTION('ref_axis',(-0.581238193719096,0.,0.813733471206735));
#2943=DIRECTION('',(0.581238193719096,0.,-0.813733471206735));
#2944=DIRECTION('',(-0.581238193719096,0.,0.813733471206735));
#2945=DIRECTION('',(0.,1.,0.));
#2946=DIRECTION('center_axis',(0.,1.,0.));
#2947=DIRECTION('ref_axis',(1.,0.,1.22464679914735E-16));
#2948=DIRECTION('center_axis',(0.,-1.,0.));
#2949=DIRECTION('ref_axis',(-1.,0.,0.));
#2950=DIRECTION('center_axis',(0.,1.,0.));
#2951=DIRECTION('ref_axis',(-1.,0.,0.));
#2952=DIRECTION('center_axis',(0.,1.,0.));
#2953=DIRECTION('ref_axis',(-1.,0.,0.));
#2954=DIRECTION('center_axis',(0.813733471206735,0.,-0.581238193719096));
#2955=DIRECTION('ref_axis',(-0.581238193719096,0.,-0.813733471206735));
#2956=DIRECTION('',(0.581238193719096,0.,0.813733471206735));
#2957=DIRECTION('',(0.,1.,0.));
#2958=DIRECTION('',(-0.581238193719096,0.,-0.813733471206735));
#2959=DIRECTION('',(0.,1.,0.));
#2960=DIRECTION('center_axis',(0.,1.,0.));
#2961=DIRECTION('ref_axis',(-1.,0.,0.));
#2962=DIRECTION('center_axis',(0.,1.,0.));
#2963=DIRECTION('ref_axis',(-1.,0.,0.));
#2964=DIRECTION('center_axis',(0.,-1.,0.));
#2965=DIRECTION('ref_axis',(-1.,0.,0.));
#2966=DIRECTION('',(0.,1.,0.));
#2967=DIRECTION('center_axis',(0.813733471206735,0.,0.581238193719096));
#2968=DIRECTION('ref_axis',(0.581238193719096,0.,-0.813733471206735));
#2969=DIRECTION('',(-0.581238193719096,0.,0.813733471206735));
#2970=DIRECTION('',(0.581238193719096,0.,-0.813733471206735));
#2971=DIRECTION('',(0.,1.,0.));
#2972=DIRECTION('center_axis',(0.,1.,0.));
#2973=DIRECTION('ref_axis',(-1.,0.,0.));
#2974=DIRECTION('center_axis',(0.,-1.,0.));
#2975=DIRECTION('ref_axis',(-1.,0.,0.));
#2976=DIRECTION('center_axis',(0.,1.,0.));
#2977=DIRECTION('ref_axis',(-1.,0.,0.));
#2978=DIRECTION('center_axis',(0.,1.,0.));
#2979=DIRECTION('ref_axis',(-1.,0.,0.));
#2980=DIRECTION('center_axis',(1.,0.,0.));
#2981=DIRECTION('ref_axis',(0.,0.,1.));
#2982=DIRECTION('',(0.,0.,1.));
#2983=DIRECTION('',(0.,-1.,0.));
#2984=DIRECTION('',(0.,0.,1.));
#2985=DIRECTION('',(0.,-1.,0.));
#2986=DIRECTION('center_axis',(0.,0.,-1.));
#2987=DIRECTION('ref_axis',(1.,0.,0.));
#2988=DIRECTION('',(1.,0.,0.));
#2989=DIRECTION('',(1.,0.,0.));
#2990=DIRECTION('',(0.,-1.,0.));
#2991=DIRECTION('center_axis',(-1.,0.,0.));
#2992=DIRECTION('ref_axis',(0.,0.,-1.));
#2993=DIRECTION('',(0.,0.,-1.));
#2994=DIRECTION('',(0.,0.,-1.));
#2995=DIRECTION('',(0.,-1.,0.));
#2996=DIRECTION('center_axis',(0.,0.,1.));
#2997=DIRECTION('ref_axis',(-1.,0.,0.));
#2998=DIRECTION('',(-1.,0.,0.));
#2999=DIRECTION('',(-1.,0.,0.));
#3000=DIRECTION('center_axis',(0.,1.,0.));
#3001=DIRECTION('ref_axis',(-1.,0.,0.));
#3002=DIRECTION('center_axis',(0.,-1.,0.));
#3003=DIRECTION('ref_axis',(0.,0.,-1.));
#3004=DIRECTION('center_axis',(0.,0.,-1.));
#3005=DIRECTION('ref_axis',(-1.,0.,0.));
#3006=DIRECTION('',(1.,0.,0.));
#3007=DIRECTION('center_axis',(0.,0.,-1.));
#3008=DIRECTION('ref_axis',(5.92118946466745E-15,1.,0.));
#3009=DIRECTION('',(5.7295603976976E-16,-1.,0.));
#3010=DIRECTION('center_axis',(0.,0.,-1.));
#3011=DIRECTION('ref_axis',(1.,-4.81096644004233E-15,0.));
#3012=DIRECTION('',(-1.,-7.7343321298911E-17,0.));
#3013=DIRECTION('center_axis',(0.,0.,-1.));
#3014=DIRECTION('ref_axis',(-3.14563190310461E-15,-1.,0.));
#3015=DIRECTION('',(1.79068229778251E-17,1.,0.));
#3016=DIRECTION('center_axis',(0.,0.,-1.));
#3017=DIRECTION('ref_axis',(-1.,-2.96059473233376E-15,0.));
#3018=DIRECTION('center_axis',(0.,0.,-1.));
#3019=DIRECTION('ref_axis',(1.,-4.81096644004233E-15,0.));
#3020=DIRECTION('',(0.,0.,-1.));
#3021=DIRECTION('center_axis',(0.,0.,-1.));
#3022=DIRECTION('ref_axis',(1.,-4.81096644004233E-15,0.));
#3023=DIRECTION('',(0.,0.,-1.));
#3024=DIRECTION('',(0.,0.,-1.));
#3025=DIRECTION('center_axis',(1.,5.7295603976976E-16,0.));
#3026=DIRECTION('ref_axis',(5.7295603976976E-16,-1.,0.));
#3027=DIRECTION('',(0.,0.,-1.));
#3028=DIRECTION('',(-5.7295603976976E-16,1.,0.));
#3029=DIRECTION('center_axis',(0.,0.,-1.));
#3030=DIRECTION('ref_axis',(5.92118946466745E-15,1.,0.));
#3031=DIRECTION('',(0.,0.,-1.));
#3032=DIRECTION('center_axis',(0.,0.,-1.));
#3033=DIRECTION('ref_axis',(5.92118946466745E-15,1.,0.));
#3034=DIRECTION('center_axis',(0.,1.,0.));
#3035=DIRECTION('ref_axis',(1.,0.,0.));
#3036=DIRECTION('',(0.,0.,-1.));
#3037=DIRECTION('',(-1.,0.,0.));
#3038=DIRECTION('center_axis',(0.,-0.707106781186548,0.707106781186548));
#3039=DIRECTION('ref_axis',(1.,0.,0.));
#3040=DIRECTION('',(1.,0.,0.));
#3041=DIRECTION('',(-0.577350269189628,0.577350269189625,0.577350269189625));
#3042=DIRECTION('',(-1.,0.,0.));
#3043=DIRECTION('',(-0.577350269189627,-0.577350269189627,-0.577350269189623));
#3044=DIRECTION('center_axis',(0.707106781186545,0.,0.70710678118655));
#3045=DIRECTION('ref_axis',(0.70710678118655,0.,-0.707106781186545));
#3046=DIRECTION('',(0.,1.,0.));
#3047=DIRECTION('',(-0.577350269189627,-0.577350269189627,0.577350269189623));
#3048=DIRECTION('',(0.,-1.,0.));
#3049=DIRECTION('center_axis',(-0.707106781186545,0.,0.70710678118655));
#3050=DIRECTION('ref_axis',(0.70710678118655,0.,0.707106781186545));
#3051=DIRECTION('',(0.,1.,0.));
#3052=DIRECTION('',(-0.577350269189627,0.577350269189627,-0.577350269189623));
#3053=DIRECTION('',(0.,-1.,0.));
#3054=DIRECTION('center_axis',(0.,0.707106781186545,0.70710678118655));
#3055=DIRECTION('ref_axis',(1.,0.,0.));
#3056=DIRECTION('',(-1.,0.,0.));
#3057=DIRECTION('',(1.,0.,0.));
#3058=DIRECTION('center_axis',(1.,0.,0.));
#3059=DIRECTION('ref_axis',(0.,1.,0.));
#3060=DIRECTION('',(0.,0.,1.));
#3061=DIRECTION('',(0.,-1.,0.));
#3062=DIRECTION('',(0.,0.,1.));
#3063=DIRECTION('center_axis',(0.,-1.,0.));
#3064=DIRECTION('ref_axis',(1.,0.,0.));
#3065=DIRECTION('',(0.,0.,1.));
#3066=DIRECTION('',(-1.,0.,0.));
#3067=DIRECTION('center_axis',(0.,0.,-1.));
#3068=DIRECTION('ref_axis',(-1.,0.,0.));
#3069=DIRECTION('',(-1.,0.,0.));
#3070=DIRECTION('',(0.,1.,0.));
#3071=DIRECTION('',(1.,0.,0.));
#3072=DIRECTION('',(0.,-1.,0.));
#3073=DIRECTION('center_axis',(-1.,0.,0.));
#3074=DIRECTION('ref_axis',(0.,-1.,0.));
#3075=DIRECTION('',(0.,0.,1.));
#3076=DIRECTION('',(0.,1.,0.));
#3077=DIRECTION('',(0.,0.,1.));
#3078=DIRECTION('center_axis',(0.,-1.,0.));
#3079=DIRECTION('ref_axis',(1.,0.,0.));
#3080=DIRECTION('',(0.,0.,1.));
#3081=DIRECTION('',(-1.,0.,0.));
#3082=DIRECTION('center_axis',(1.,0.,0.));
#3083=DIRECTION('ref_axis',(0.,1.,0.));
#3084=DIRECTION('',(0.,0.,1.));
#3085=DIRECTION('',(0.,-1.,0.));
#3086=DIRECTION('center_axis',(0.,1.,0.));
#3087=DIRECTION('ref_axis',(-1.,0.,0.));
#3088=DIRECTION('',(1.,0.,0.));
#3089=DIRECTION('center_axis',(-1.,0.,0.));
#3090=DIRECTION('ref_axis',(0.,-1.,0.));
#3091=DIRECTION('',(0.,0.,1.));
#3092=DIRECTION('',(0.,1.,0.));
#3093=DIRECTION('center_axis',(0.,1.,0.));
#3094=DIRECTION('ref_axis',(-1.,0.,0.));
#3095=DIRECTION('',(1.,0.,0.));
#3096=DIRECTION('center_axis',(0.,0.,-1.));
#3097=DIRECTION('ref_axis',(-1.,0.,0.));
#3098=DIRECTION('center_axis',(0.,0.,-1.));
#3099=DIRECTION('ref_axis',(-1.,-2.96059473233376E-15,0.));
#3100=DIRECTION('',(1.79068229778251E-17,1.,0.));
#3101=DIRECTION('center_axis',(0.,0.,-1.));
#3102=DIRECTION('ref_axis',(-3.14563190310461E-15,-1.,0.));
#3103=DIRECTION('',(-1.,-7.7343321298911E-17,0.));
#3104=DIRECTION('center_axis',(0.,0.,-1.));
#3105=DIRECTION('ref_axis',(-1.,-2.96059473233376E-15,0.));
#3106=DIRECTION('',(0.,0.,-1.));
#3107=DIRECTION('center_axis',(-1.,1.79068229778251E-17,0.));
#3108=DIRECTION('ref_axis',(1.79068229778251E-17,1.,0.));
#3109=DIRECTION('',(0.,0.,-1.));
#3110=DIRECTION('center_axis',(0.,0.,-1.));
#3111=DIRECTION('ref_axis',(-3.14563190310461E-15,-1.,0.));
#3112=DIRECTION('',(0.,0.,-1.));
#3113=DIRECTION('center_axis',(7.7343321298911E-17,-1.,0.));
#3114=DIRECTION('ref_axis',(-1.,-7.7343321298911E-17,0.));
#3115=DIRECTION('center_axis',(0.,0.,-1.));
#3116=DIRECTION('ref_axis',(-1.,0.,0.));
#3117=CARTESIAN_POINT('',(0.,0.,0.));
#3118=CARTESIAN_POINT('Origin',(50.5,6.5,-4.9960036108132E-15));
#3119=CARTESIAN_POINT('',(51.,7.,1.49999999999999));
#3120=CARTESIAN_POINT('',(50.,6.,1.49999999999999));
#3121=CARTESIAN_POINT('',(47.,3.00000000000001,1.49999999999999));
#3122=CARTESIAN_POINT('',(50.,6.,-5.10702591327572E-15));
#3123=CARTESIAN_POINT('',(50.,6.,-5.10702591327572E-15));
#3124=CARTESIAN_POINT('',(51.,7.,-4.88498130835069E-15));
#3125=CARTESIAN_POINT('',(47.,3.00000000000001,-5.77315972805081E-15));
#3126=CARTESIAN_POINT('',(51.,7.,-4.88498130835069E-15));
#3127=CARTESIAN_POINT('Origin',(25.5,17.5,1.5));
#3128=CARTESIAN_POINT('',(51.,12.9999998956919,1.5));
#3129=CARTESIAN_POINT('',(51.,29.,1.5));
#3130=CARTESIAN_POINT('',(46.0000006854534,12.9999998956919,1.5));
#3131=CARTESIAN_POINT('',(35.7500003427267,12.9999998956919,1.5));
#3132=CARTESIAN_POINT('',(46.0000006854534,21.9999998956919,1.5));
#3133=CARTESIAN_POINT('',(46.0000006854534,19.7499999478459,1.5));
#3134=CARTESIAN_POINT('',(51.,21.9999998956919,1.5));
#3135=CARTESIAN_POINT('',(38.7500003427267,21.9999998956919,1.5));
#3136=CARTESIAN_POINT('',(51.,28.,1.5));
#3137=CARTESIAN_POINT('',(51.,29.,1.5));
#3138=CARTESIAN_POINT('',(50.,29.,1.5));
#3139=CARTESIAN_POINT('',(47.,32.,1.5));
#3140=CARTESIAN_POINT('',(1.,29.,1.5));
#3141=CARTESIAN_POINT('',(0.,29.,1.5));
#3142=CARTESIAN_POINT('',(0.,28.,1.5));
#3143=CARTESIAN_POINT('',(4.00000000000001,32.,1.5));
#3144=CARTESIAN_POINT('',(0.,7.,1.49999999999999));
#3145=CARTESIAN_POINT('',(0.,6.,1.49999999999999));
#3146=CARTESIAN_POINT('',(0.999999999999996,6.,1.49999999999999));
#3147=CARTESIAN_POINT('',(3.99999999999999,3.,1.49999999999999));
#3148=CARTESIAN_POINT('',(36.,6.,1.49999999999999));
#3149=CARTESIAN_POINT('',(51.,6.,1.49999999999999));
#3150=CARTESIAN_POINT('',(36.,13.,1.5));
#3151=CARTESIAN_POINT('',(36.,15.25,1.5));
#3152=CARTESIAN_POINT('',(44.,13.,1.5));
#3153=CARTESIAN_POINT('',(34.75,13.,1.5));
#3154=CARTESIAN_POINT('',(44.,6.,1.49999999999999));
#3155=CARTESIAN_POINT('',(44.,11.75,1.5));
#3156=CARTESIAN_POINT('',(51.,6.,1.49999999999999));
#3157=CARTESIAN_POINT('',(6.00000008940697,8.4999996945262,1.49999999999999));
#3158=CARTESIAN_POINT('',(6.00000008940697,26.4999999627471,1.5));
#3159=CARTESIAN_POINT('',(6.00000008940697,21.9999999813735,1.5));
#3160=CARTESIAN_POINT('',(34.0000005066395,26.4999999627471,1.5));
#3161=CARTESIAN_POINT('',(29.7500002533197,26.4999999627471,1.5));
#3162=CARTESIAN_POINT('',(34.0000005066395,8.4999996945262,1.49999999999999));
#3163=CARTESIAN_POINT('',(34.0000005066395,12.9999998472631,1.5));
#3164=CARTESIAN_POINT('',(15.7500000447035,8.4999996945262,1.49999999999999));
#3165=CARTESIAN_POINT('Origin',(51.,6.,-5.10702591327572E-15));
#3166=CARTESIAN_POINT('',(51.,28.,-2.22044604925031E-16));
#3167=CARTESIAN_POINT('',(51.,29.,0.));
#3168=CARTESIAN_POINT('',(51.,28.,-2.22044604925031E-16));
#3169=CARTESIAN_POINT('',(51.,21.9999998956919,2.5));
#3170=CARTESIAN_POINT('',(51.,21.9999998956919,0.75));
#3171=CARTESIAN_POINT('',(51.,20.9999998956919,1.5));
#3172=CARTESIAN_POINT('Origin',(51.,20.9999998956919,2.5));
#3173=CARTESIAN_POINT('',(51.,13.9999998956919,1.5));
#3174=CARTESIAN_POINT('',(51.,29.,1.5));
#3175=CARTESIAN_POINT('',(51.,12.9999998956919,2.5));
#3176=CARTESIAN_POINT('Origin',(51.,13.9999998956919,2.5));
#3177=CARTESIAN_POINT('',(51.,12.9999998956919,0.749999999999998));
#3178=CARTESIAN_POINT('Origin',(50.5,28.5,-1.11022302462516E-16));
#3179=CARTESIAN_POINT('',(50.,29.,0.));
#3180=CARTESIAN_POINT('',(47.,32.,6.66133814775091E-16));
#3181=CARTESIAN_POINT('',(50.,29.,0.));
#3182=CARTESIAN_POINT('Origin',(0.5,28.5,-1.11022302462516E-16));
#3183=CARTESIAN_POINT('',(1.,29.,0.));
#3184=CARTESIAN_POINT('',(1.,29.,0.));
#3185=CARTESIAN_POINT('',(0.,28.,-2.22044604925031E-16));
#3186=CARTESIAN_POINT('',(4.00000000000001,32.,6.66133814775094E-16));
#3187=CARTESIAN_POINT('',(0.,28.,-2.22044604925031E-16));
#3188=CARTESIAN_POINT('Origin',(0.,29.,0.));
#3189=CARTESIAN_POINT('',(0.,7.,-4.88498130835069E-15));
#3190=CARTESIAN_POINT('',(0.,6.,-5.10702591327572E-15));
#3191=CARTESIAN_POINT('',(0.,7.,-4.88498130835069E-15));
#3192=CARTESIAN_POINT('Origin',(0.5,6.5,-4.9960036108132E-15));
#3193=CARTESIAN_POINT('',(0.999999999999996,6.,-5.10702591327572E-15));
#3194=CARTESIAN_POINT('',(3.99999999999999,3.,-5.77315972805081E-15));
#3195=CARTESIAN_POINT('',(1.,6.,-5.10702591327572E-15));
#3196=CARTESIAN_POINT('Origin',(20.0000002980232,17.4999998286366,2.9));
#3197=CARTESIAN_POINT('',(34.0000005066395,8.4999996945262,2.9));
#3198=CARTESIAN_POINT('',(6.00000008940697,8.4999996945262,2.9));
#3199=CARTESIAN_POINT('',(13.0000001937151,8.4999996945262,2.9));
#3200=CARTESIAN_POINT('',(34.0000005066395,26.4999999627471,2.9));
#3201=CARTESIAN_POINT('',(34.0000005066395,12.9999997615814,2.9));
#3202=CARTESIAN_POINT('',(6.00000008940697,26.4999999627471,2.9));
#3203=CARTESIAN_POINT('',(27.0000004023314,26.4999999627471,2.9));
#3204=CARTESIAN_POINT('',(6.00000008940697,21.9999998956919,2.9));
#3205=CARTESIAN_POINT('Origin',(6.00000008940697,26.4999999627471,1.5));
#3206=CARTESIAN_POINT('',(6.00000008940697,26.4999999627471,1.5));
#3207=CARTESIAN_POINT('',(6.00000008940697,8.4999996945262,1.49999999999999));
#3208=CARTESIAN_POINT('Origin',(34.0000005066395,26.4999999627471,1.5));
#3209=CARTESIAN_POINT('',(34.0000005066395,26.4999999627471,1.5));
#3210=CARTESIAN_POINT('Origin',(34.0000005066395,8.4999996945262,1.49999999999999));
#3211=CARTESIAN_POINT('',(34.0000005066395,8.4999996945262,1.49999999999999));
#3212=CARTESIAN_POINT('Origin',(6.00000008940697,8.4999996945262,1.49999999999999));
#3213=CARTESIAN_POINT('Origin',(47.5000006854534,13.9999998956919,2.5));
#3214=CARTESIAN_POINT('',(52.0000006854534,13.9999998956919,1.5));
#3215=CARTESIAN_POINT('',(52.0000006854534,12.9999998956919,2.5));
#3216=CARTESIAN_POINT('Origin',(52.0000006854534,13.9999998956919,2.5));
#3217=CARTESIAN_POINT('',(47.5000006854534,12.9999998956919,2.5));
#3218=CARTESIAN_POINT('',(47.5000006854534,13.9999998956919,1.5));
#3219=CARTESIAN_POINT('Origin',(52.0000006854534,12.9999998956919,1.5));
#3220=CARTESIAN_POINT('',(52.0000006854534,20.9999998956919,1.5));
#3221=CARTESIAN_POINT('',(52.0000006854534,21.9999998956919,1.5));
#3222=CARTESIAN_POINT('',(52.0000006854534,21.9999998956919,2.5));
#3223=CARTESIAN_POINT('Origin',(52.0000006854534,20.9999998956919,2.5));
#3224=CARTESIAN_POINT('',(52.0000006854534,21.9999998956919,3.6));
#3225=CARTESIAN_POINT('',(52.0000006854534,21.9999998956919,1.5));
#3226=CARTESIAN_POINT('',(52.0000006854534,20.9999998956919,4.6));
#3227=CARTESIAN_POINT('Origin',(52.0000006854534,20.9999998956919,3.6));
#3228=CARTESIAN_POINT('',(52.0000006854534,13.9999998956919,4.6));
#3229=CARTESIAN_POINT('',(52.0000006854534,21.9999998956919,4.6));
#3230=CARTESIAN_POINT('',(52.0000006854534,12.9999998956919,3.6));
#3231=CARTESIAN_POINT('Origin',(52.0000006854534,13.9999998956919,3.6));
#3232=CARTESIAN_POINT('',(52.0000006854534,12.9999998956919,1.5));
#3233=CARTESIAN_POINT('Origin',(49.0000006854534,17.4999998956919,1.5));
#3234=CARTESIAN_POINT('',(50.5000006854534,20.9999998956919,1.5));
#3235=CARTESIAN_POINT('Origin',(50.5000006854534,20.9999998956919,2.5));
#3236=CARTESIAN_POINT('',(50.5000006854534,21.9999998956919,2.5));
#3237=CARTESIAN_POINT('Origin',(50.5000006854534,20.9999998956919,3.6));
#3238=CARTESIAN_POINT('',(46.0000006854534,21.9999998956919,3.6));
#3239=CARTESIAN_POINT('',(46.0000006854534,20.9999998956919,4.6));
#3240=CARTESIAN_POINT('Origin',(46.0000006854534,20.9999998956919,3.6));
#3241=CARTESIAN_POINT('',(50.5000006854534,20.9999998956919,4.6));
#3242=CARTESIAN_POINT('',(50.5000006854534,21.9999998956919,3.6));
#3243=CARTESIAN_POINT('Origin',(49.0000006854534,17.4999998956919,4.6));
#3244=CARTESIAN_POINT('',(46.0000006854534,13.9999998956919,4.6));
#3245=CARTESIAN_POINT('',(46.0000006854534,12.9999998956919,4.6));
#3246=CARTESIAN_POINT('',(47.5000006854534,13.9999998956919,4.6));
#3247=CARTESIAN_POINT('Origin',(47.5000006854534,13.9999998956919,3.6));
#3248=CARTESIAN_POINT('',(46.0000006854534,12.9999998956919,3.6));
#3249=CARTESIAN_POINT('Origin',(46.0000006854534,13.9999998956919,3.6));
#3250=CARTESIAN_POINT('',(47.5000006854534,12.9999998956919,3.6));
#3251=CARTESIAN_POINT('Origin',(46.0000006854534,21.9999998956919,1.5));
#3252=CARTESIAN_POINT('',(46.0000006854534,21.9999998956919,1.5));
#3253=CARTESIAN_POINT('',(46.0000006854534,12.9999998956919,1.5));
#3254=CARTESIAN_POINT('Origin',(52.0000006854534,21.9999998956919,1.5));
#3255=CARTESIAN_POINT('Origin',(46.0000006854534,12.9999998956919,1.5));
#3256=CARTESIAN_POINT('Origin',(44.,6.,1.49999999999999));
#3257=CARTESIAN_POINT('',(44.,13.,6.5));
#3258=CARTESIAN_POINT('',(44.,13.,1.5));
#3259=CARTESIAN_POINT('',(44.,6.,6.49999999999999));
#3260=CARTESIAN_POINT('',(44.,13.,6.5));
#3261=CARTESIAN_POINT('',(44.,6.,1.49999999999999));
#3262=CARTESIAN_POINT('Origin',(36.,13.,1.5));
#3263=CARTESIAN_POINT('',(36.,6.,6.49999999999999));
#3264=CARTESIAN_POINT('',(36.,6.,1.49999999999999));
#3265=CARTESIAN_POINT('',(36.,13.,6.5));
#3266=CARTESIAN_POINT('',(36.,6.,6.49999999999999));
#3267=CARTESIAN_POINT('',(36.,13.,1.5));
#3268=CARTESIAN_POINT('Origin',(44.,13.,1.5));
#3269=CARTESIAN_POINT('',(36.,13.,6.5));
#3270=CARTESIAN_POINT('Origin',(40.,9.5,6.49999999999999));
#3271=CARTESIAN_POINT('',(44.,6.,6.49999999999999));
#3272=CARTESIAN_POINT('Origin',(51.,29.,0.));
#3273=CARTESIAN_POINT('',(0.,29.,0.));
#3274=CARTESIAN_POINT('Origin',(0.,6.,-5.10702591327572E-15));
#3275=CARTESIAN_POINT('',(51.,6.,-5.10702591327572E-15));
#3276=CARTESIAN_POINT('Origin',(25.5,17.5,-2.55351295663786E-15));
#3277=CARTESIAN_POINT('Origin',(37.9999999701977,2.99999999999999,-12.));
#3278=CARTESIAN_POINT('',(37.9999999701977,32.,-12.));
#3279=CARTESIAN_POINT('',(37.9999999701977,2.99999999999999,-12.));
#3280=CARTESIAN_POINT('',(37.9999999701977,10.25,-12.));
#3281=CARTESIAN_POINT('',(37.9999999701977,32.,-1.5));
#3282=CARTESIAN_POINT('',(37.9999999701977,32.,-12.));
#3283=CARTESIAN_POINT('',(37.9999999701977,2.99999999999998,-1.5));
#3284=CARTESIAN_POINT('',(37.9999999701977,10.25,-1.5));
#3285=CARTESIAN_POINT('',(37.9999999701977,2.99999999999999,-12.));
#3286=CARTESIAN_POINT('Origin',(0.999999970197676,2.99999999999999,-12.));
#3287=CARTESIAN_POINT('',(0.999999970197676,2.99999999999999,-1.5));
#3288=CARTESIAN_POINT('',(40.9999999701977,2.99999999999999,-1.5));
#3289=CARTESIAN_POINT('',(0.999999970197676,2.99999999999999,-12.));
#3290=CARTESIAN_POINT('',(0.999999970197676,2.99999999999999,-12.));
#3291=CARTESIAN_POINT('',(40.9999999701977,2.99999999999999,-12.));
#3292=CARTESIAN_POINT('Origin',(20.9999999701977,17.5,-1.5));
#3293=CARTESIAN_POINT('',(0.999999970197676,32.,-1.5));
#3294=CARTESIAN_POINT('',(0.999999970197676,32.,-1.5));
#3295=CARTESIAN_POINT('',(0.999999970197676,2.99999999999999,-1.5));
#3296=CARTESIAN_POINT('Origin',(0.999999970197676,32.,-12.));
#3297=CARTESIAN_POINT('',(0.999999970197676,32.,-12.));
#3298=CARTESIAN_POINT('',(0.999999970197676,2.99999999999999,-12.));
#3299=CARTESIAN_POINT('',(0.999999970197676,32.,-12.));
#3300=CARTESIAN_POINT('Origin',(40.9999999701977,32.,-12.));
#3301=CARTESIAN_POINT('',(0.999999970197676,32.,-12.));
#3302=CARTESIAN_POINT('Origin',(20.9999999701977,17.5,-12.));
#3303=CARTESIAN_POINT('Origin',(49.9999999254942,32.,-0.999999701976777));
#3304=CARTESIAN_POINT('',(49.9999999254942,32.,-10.9999997019768));
#3305=CARTESIAN_POINT('',(49.9999999254942,32.,-0.999999701976777));
#3306=CARTESIAN_POINT('',(49.9999999254942,32.,-10.9999997019768));
#3307=CARTESIAN_POINT('',(49.9999999254942,33.,-10.9999997019768));
#3308=CARTESIAN_POINT('',(49.9999999254942,32.,-10.9999997019768));
#3309=CARTESIAN_POINT('',(49.9999999254942,33.,-0.999999701976777));
#3310=CARTESIAN_POINT('',(49.9999999254942,33.,-10.9999997019768));
#3311=CARTESIAN_POINT('',(49.9999999254942,32.,-0.999999701976777));
#3312=CARTESIAN_POINT('Origin',(34.9999999254942,32.,-0.999999701976777));
#3313=CARTESIAN_POINT('',(34.9999999254942,32.,-0.999999701976777));
#3314=CARTESIAN_POINT('',(49.9999999254942,32.,-0.999999701976777));
#3315=CARTESIAN_POINT('',(34.9999999254942,33.,-0.999999701976777));
#3316=CARTESIAN_POINT('',(49.9999999254942,33.,-0.999999701976777));
#3317=CARTESIAN_POINT('',(34.9999999254942,32.,-0.999999701976777));
#3318=CARTESIAN_POINT('Origin',(34.9999999254942,32.,-10.9999997019768));
#3319=CARTESIAN_POINT('',(34.9999999254942,32.,-10.9999997019768));
#3320=CARTESIAN_POINT('',(34.9999999254942,32.,-0.999999701976777));
#3321=CARTESIAN_POINT('',(34.9999999254942,33.,-10.9999997019768));
#3322=CARTESIAN_POINT('',(34.9999999254942,33.,-0.999999701976777));
#3323=CARTESIAN_POINT('',(34.9999999254942,32.,-10.9999997019768));
#3324=CARTESIAN_POINT('Origin',(49.9999999254942,32.,-10.9999997019768));
#3325=CARTESIAN_POINT('',(34.9999999254942,32.,-10.9999997019768));
#3326=CARTESIAN_POINT('',(34.9999999254942,33.,-10.9999997019768));
#3327=CARTESIAN_POINT('Origin',(42.4999999254942,33.,-5.99999970197678));
#3328=CARTESIAN_POINT('Origin',(42.4999999254942,32.,-5.99999970197678));
#3329=CARTESIAN_POINT('Origin',(20.0000002980232,17.5000002607703,3.09999984800816));
#3330=CARTESIAN_POINT('',(5.00000007450581,7.50000011175871,3.09999984800816));
#3331=CARTESIAN_POINT('',(35.0000005215406,7.50000011175871,3.09999984800816));
#3332=CARTESIAN_POINT('',(27.5000004097819,7.50000011175871,3.09999984800816));
#3333=CARTESIAN_POINT('',(5.00000007450581,27.5000004097819,3.09999984800816));
#3334=CARTESIAN_POINT('',(5.00000007450581,12.5000001862645,3.09999984800816));
#3335=CARTESIAN_POINT('',(35.0000005215406,27.5000004097819,3.09999984800816));
#3336=CARTESIAN_POINT('',(12.5000001862645,27.5000004097819,3.09999984800816));
#3337=CARTESIAN_POINT('',(35.0000005215406,22.5000003352761,3.09999984800816));
#3338=CARTESIAN_POINT('',(5.99999986588955,8.49999981001019,3.09999984800816));
#3339=CARTESIAN_POINT('',(5.99999986588955,26.4999994076788,3.09999984800816));
#3340=CARTESIAN_POINT('',(5.99999986588955,13.0000000353903,3.09999984800816));
#3341=CARTESIAN_POINT('',(33.9999992400408,8.49999981001019,3.09999984800816));
#3342=CARTESIAN_POINT('',(26.999999769032,8.49999981001019,3.09999984800816));
#3343=CARTESIAN_POINT('',(33.9999992400408,26.4999994076788,3.09999984800816));
#3344=CARTESIAN_POINT('',(33.9999992400408,21.9999998342246,3.09999984800816));
#3345=CARTESIAN_POINT('',(13.0000000819564,26.4999994076788,3.09999984800816));
#3346=CARTESIAN_POINT('Origin',(5.99999986588955,26.4999994076788,7.50000011175871));
#3347=CARTESIAN_POINT('',(33.9999992400408,26.4999994076788,7.50000011175871));
#3348=CARTESIAN_POINT('',(33.9999992400408,26.4999994076788,6.79999984800816));
#3349=CARTESIAN_POINT('',(5.99999986588955,26.4999994076788,7.50000011175871));
#3350=CARTESIAN_POINT('',(2.37966335442961,26.4999994076788,7.50000011175871));
#3351=CARTESIAN_POINT('',(5.99999986588955,26.4999994076788,6.79999984800816));
#3352=CARTESIAN_POINT('Origin',(33.9999992400408,26.4999994076788,7.50000011175871));
#3353=CARTESIAN_POINT('',(33.9999992400408,8.49999981001019,7.50000011175871));
#3354=CARTESIAN_POINT('',(33.9999992400408,8.49999981001019,7.50000011175871));
#3355=CARTESIAN_POINT('',(33.9999992400408,13.2499997038394,7.50000011175871));
#3356=CARTESIAN_POINT('Origin',(5.00000007450581,7.50000011175871,6.79999984800816));
#3357=CARTESIAN_POINT('',(5.00000007450581,7.50000011175871,6.79999984800816));
#3358=CARTESIAN_POINT('',(5.00000007450581,7.50000011175871,6.79999984800816));
#3359=CARTESIAN_POINT('',(5.00000007450581,27.5000004097819,6.79999984800816));
#3360=CARTESIAN_POINT('',(5.00000007450581,3.75000005587935,6.79999984800816));
#3361=CARTESIAN_POINT('',(5.00000007450581,27.5000004097819,6.79999984800816));
#3362=CARTESIAN_POINT('Origin',(35.0000005215406,7.50000011175871,6.79999984800816));
#3363=CARTESIAN_POINT('',(35.0000005215406,7.50000011175871,6.79999984800816));
#3364=CARTESIAN_POINT('',(35.0000005215406,7.50000011175871,6.79999984800816));
#3365=CARTESIAN_POINT('',(43.249999685213,7.50000011175871,6.79999984800816));
#3366=CARTESIAN_POINT('Origin',(35.0000005215406,27.5000004097819,6.79999984800816));
#3367=CARTESIAN_POINT('',(35.0000005215406,27.5000004097819,6.79999984800816));
#3368=CARTESIAN_POINT('',(35.0000005215406,27.5000004097819,6.79999984800816));
#3369=CARTESIAN_POINT('',(35.0000005215406,13.750000204891,6.79999984800816));
#3370=CARTESIAN_POINT('Origin',(5.00000007450581,27.5000004097819,6.79999984800816));
#3371=CARTESIAN_POINT('',(28.2499994616956,27.5000004097819,6.79999984800816));
#3372=CARTESIAN_POINT('Origin',(50.5000007748604,1.5,2.02593161045142));
#3373=CARTESIAN_POINT('',(52.0000007748604,1.5,7.50000011175871));
#3374=CARTESIAN_POINT('',(50.5000007748604,0.,7.50000011175871));
#3375=CARTESIAN_POINT('Origin',(50.5000007748604,1.5,7.50000011175871));
#3376=CARTESIAN_POINT('',(50.5000007748604,0.,-14.3962738934704));
#3377=CARTESIAN_POINT('',(50.5000007748604,0.,2.02593161045142));
#3378=CARTESIAN_POINT('',(52.0000007748604,1.5,-14.3962738934704));
#3379=CARTESIAN_POINT('Origin',(50.5000007748604,1.5,-14.3962738934704));
#3380=CARTESIAN_POINT('',(52.0000007748604,1.5,2.02593161045142));
#3381=CARTESIAN_POINT('Origin',(52.0000007748604,0.,-14.3962738934704));
#3382=CARTESIAN_POINT('',(0.259326842969672,0.,-14.3962738934704));
#3383=CARTESIAN_POINT('',(38.6898322918877,0.,-14.3962738934704));
#3384=CARTESIAN_POINT('',(-1.24067315703033,1.5,-14.3962738934704));
#3385=CARTESIAN_POINT('Origin',(0.259326842969672,1.5,-14.3962738934704));
#3386=CARTESIAN_POINT('',(-1.24067315703033,32.5,-14.3962738934704));
#3387=CARTESIAN_POINT('',(-1.24067315703033,0.,-14.3962738934704));
#3388=CARTESIAN_POINT('',(0.259326842969672,34.,-14.3962738934704));
#3389=CARTESIAN_POINT('Origin',(0.259326842969672,32.5,-14.3962738934704));
#3390=CARTESIAN_POINT('',(50.5000007748604,34.,-14.3962738934704));
#3391=CARTESIAN_POINT('',(38.6898322918877,34.,-14.3962738934704));
#3392=CARTESIAN_POINT('',(52.0000007748604,32.5,-14.3962738934704));
#3393=CARTESIAN_POINT('Origin',(50.5000007748604,32.5,-14.3962738934704));
#3394=CARTESIAN_POINT('',(52.0000007748604,0.,-14.3962738934704));
#3395=CARTESIAN_POINT('',(50.9999988488853,33.,-14.3962738934704));
#3396=CARTESIAN_POINT('',(-0.500000007450581,33.,-14.3962738934704));
#3397=CARTESIAN_POINT('',(38.6898322918877,33.,-14.3962738934704));
#3398=CARTESIAN_POINT('',(-0.500000007450581,2.,-14.3962738934704));
#3399=CARTESIAN_POINT('',(-0.500000007450581,0.,-14.3962738934704));
#3400=CARTESIAN_POINT('',(50.9999988488853,2.,-14.3962738934704));
#3401=CARTESIAN_POINT('',(38.6898322918877,2.,-14.3962738934704));
#3402=CARTESIAN_POINT('',(50.9999988488853,0.,-14.3962738934704));
#3403=CARTESIAN_POINT('Origin',(25.379663808915,0.,-3.44813689085587));
#3404=CARTESIAN_POINT('',(0.259326842969667,0.,7.50000011175871));
#3405=CARTESIAN_POINT('',(52.0000007748604,0.,7.50000011175871));
#3406=CARTESIAN_POINT('',(0.259326842969672,0.,-8.92220539216315));
#3407=CARTESIAN_POINT('Origin',(0.259326842969672,1.5,-8.92220539216315));
#3408=CARTESIAN_POINT('',(-1.24067315703033,1.5,7.50000011175871));
#3409=CARTESIAN_POINT('Origin',(0.259326842969672,1.5,7.50000011175871));
#3410=CARTESIAN_POINT('',(-1.24067315703033,1.5,-8.92220539216315));
#3411=CARTESIAN_POINT('Origin',(0.259326842969672,32.5,-8.92220539216315));
#3412=CARTESIAN_POINT('',(-1.24067315703033,32.5,7.50000011175871));
#3413=CARTESIAN_POINT('',(0.259326842969667,34.,7.50000011175871));
#3414=CARTESIAN_POINT('Origin',(0.259326842969672,32.5,7.50000011175871));
#3415=CARTESIAN_POINT('',(0.259326842969672,34.,-8.92220539216315));
#3416=CARTESIAN_POINT('',(-1.24067315703033,32.5,-8.92220539216315));
#3417=CARTESIAN_POINT('Origin',(25.379663808915,34.,-3.44813689085587));
#3418=CARTESIAN_POINT('',(50.5000007748604,34.,7.50000011175871));
#3419=CARTESIAN_POINT('',(52.0000007748604,34.,7.50000011175871));
#3420=CARTESIAN_POINT('',(50.5000007748604,34.,2.02593161045142));
#3421=CARTESIAN_POINT('',(45.0000006705523,34.,-10.0000001490116));
#3422=CARTESIAN_POINT('',(45.0000006705523,34.,-2.00000002980232));
#3423=CARTESIAN_POINT('',(45.0000006705523,34.,-6.72406851993374));
#3424=CARTESIAN_POINT('',(37.000000551343,34.,-2.00000002980232));
#3425=CARTESIAN_POINT('',(35.1898322397336,34.,-2.00000002980232));
#3426=CARTESIAN_POINT('',(37.000000551343,34.,-10.0000001490116));
#3427=CARTESIAN_POINT('',(37.000000551343,34.,-2.72406846032909));
#3428=CARTESIAN_POINT('',(31.189832180129,34.,-10.0000001490116));
#3429=CARTESIAN_POINT('Origin',(50.5000007748604,32.5,2.02593161045142));
#3430=CARTESIAN_POINT('',(52.0000007748604,32.5,7.50000011175871));
#3431=CARTESIAN_POINT('Origin',(50.5000007748604,32.5,7.50000011175871));
#3432=CARTESIAN_POINT('',(52.0000007748604,32.5,2.02593161045142));
#3433=CARTESIAN_POINT('Origin',(-1.24067315703033,0.,-14.3962738934704));
#3434=CARTESIAN_POINT('',(-1.24067315703033,0.,7.50000011175871));
#3435=CARTESIAN_POINT('Origin',(25.379663808915,2.,-3.44813689085587));
#3436=CARTESIAN_POINT('',(-0.500000007450581,2.,6.79999984800816));
#3437=CARTESIAN_POINT('',(-0.500000007450581,2.,1.67593147857614));
#3438=CARTESIAN_POINT('',(50.9999988488853,2.,6.79999984800816));
#3439=CARTESIAN_POINT('',(38.4398313289002,2.,6.79999984800816));
#3440=CARTESIAN_POINT('',(50.9999988488853,2.,-8.47406854601077));
#3441=CARTESIAN_POINT('Origin',(-0.500000007450581,0.,6.79999984800816));
#3442=CARTESIAN_POINT('',(-0.500000007450581,33.,6.79999984800816));
#3443=CARTESIAN_POINT('',(-0.500000007450581,33.,1.67593147857614));
#3444=CARTESIAN_POINT('',(-0.500000007450581,0.,6.79999984800816));
#3445=CARTESIAN_POINT('Origin',(45.0000006705523,34.,-10.0000001490116));
#3446=CARTESIAN_POINT('',(45.0000006705523,33.6,-10.0000001490116));
#3447=CARTESIAN_POINT('',(45.0000006705523,34.,-10.0000001490116));
#3448=CARTESIAN_POINT('',(45.0000006705523,33.6,-2.00000002980232));
#3449=CARTESIAN_POINT('',(45.0000006705523,33.6,-10.0000001490116));
#3450=CARTESIAN_POINT('',(45.0000006705523,34.,-2.00000002980232));
#3451=CARTESIAN_POINT('Origin',(37.000000551343,34.,-10.0000001490116));
#3452=CARTESIAN_POINT('',(37.000000551343,33.6,-10.0000001490116));
#3453=CARTESIAN_POINT('',(37.000000551343,34.,-10.0000001490116));
#3454=CARTESIAN_POINT('',(37.000000551343,33.6,-10.0000001490116));
#3455=CARTESIAN_POINT('Origin',(37.000000551343,34.,-2.00000002980232));
#3456=CARTESIAN_POINT('',(37.000000551343,33.6,-2.00000002980232));
#3457=CARTESIAN_POINT('',(37.000000551343,34.,-2.00000002980232));
#3458=CARTESIAN_POINT('',(37.000000551343,33.6,-2.00000002980232));
#3459=CARTESIAN_POINT('Origin',(45.0000006705523,34.,-2.00000002980232));
#3460=CARTESIAN_POINT('',(45.0000006705523,33.6,-2.00000002980232));
#3461=CARTESIAN_POINT('Origin',(41.0000006109476,33.6,-6.00000008940697));
#3462=CARTESIAN_POINT('Origin',(25.379663808915,33.,-3.44813689085587));
#3463=CARTESIAN_POINT('',(50.9999988488853,33.,6.79999984800816));
#3464=CARTESIAN_POINT('',(50.9999988488853,33.,-8.47406854601077));
#3465=CARTESIAN_POINT('',(38.4398313289002,33.,6.79999984800816));
#3466=CARTESIAN_POINT('Origin',(51.4999988488853,0.,6.79999984800816));
#3467=CARTESIAN_POINT('',(50.9999988488853,0.,6.79999984800816));
#3468=CARTESIAN_POINT('Origin',(52.0000007748604,13.7999997094274,3.79999989718199));
#3469=CARTESIAN_POINT('',(52.0000007748604,13.7999997094274,4.79999989718199));
#3470=CARTESIAN_POINT('',(52.0000007748604,12.7999997094274,3.79999989718199));
#3471=CARTESIAN_POINT('Origin',(52.0000007748604,13.7999997094274,3.79999989718199));
#3472=CARTESIAN_POINT('',(50.9999988488853,12.7999997094274,3.79999989718199));
#3473=CARTESIAN_POINT('',(52.0000007748604,12.7999997094274,3.79999989718199));
#3474=CARTESIAN_POINT('',(50.9999988488853,13.7999997094274,4.79999989718199));
#3475=CARTESIAN_POINT('Origin',(50.9999988488853,13.7999997094274,3.79999989718199));
#3476=CARTESIAN_POINT('',(52.0000007748604,13.7999997094274,4.79999989718199));
#3477=CARTESIAN_POINT('Origin',(52.0000007748604,12.7999997094274,1.49999996647239));
#3478=CARTESIAN_POINT('',(52.0000007748604,12.7999997094274,2.29999996647239));
#3479=CARTESIAN_POINT('',(52.0000007748604,12.7999997094274,4.50000003911555));
#3480=CARTESIAN_POINT('',(50.9999988488853,12.7999997094274,2.29999996647239));
#3481=CARTESIAN_POINT('',(52.0000007748604,12.7999997094274,2.29999996647239));
#3482=CARTESIAN_POINT('',(50.9999988488853,12.7999997094274,-6.00000011734664));
#3483=CARTESIAN_POINT('Origin',(52.0000007748604,13.7999997094274,2.29999996647239));
#3484=CARTESIAN_POINT('',(52.0000007748604,13.7999997094274,1.29999996647239));
#3485=CARTESIAN_POINT('Origin',(52.0000007748604,13.7999997094274,2.29999996647239));
#3486=CARTESIAN_POINT('',(50.9999988488853,13.7999997094274,1.29999996647239));
#3487=CARTESIAN_POINT('',(52.0000007748604,13.7999997094274,1.29999996647239));
#3488=CARTESIAN_POINT('Origin',(50.9999988488853,13.7999997094274,2.29999996647239));
#3489=CARTESIAN_POINT('Origin',(52.0000007748604,21.9999995082617,1.29999996647239));
#3490=CARTESIAN_POINT('',(52.0000007748604,21.1999995082617,1.29999996647239));
#3491=CARTESIAN_POINT('',(52.0000007748604,10.9999997541308,1.29999996647239));
#3492=CARTESIAN_POINT('',(50.9999988488853,21.1999995082617,1.29999996647239));
#3493=CARTESIAN_POINT('',(52.0000007748604,21.1999995082617,1.29999996647239));
#3494=CARTESIAN_POINT('',(50.9999988488853,10.9999997541308,1.29999996647239));
#3495=CARTESIAN_POINT('Origin',(52.0000007748604,21.1999995082617,2.29999996647239));
#3496=CARTESIAN_POINT('',(52.0000007748604,22.1999995082617,2.29999996647239));
#3497=CARTESIAN_POINT('Origin',(52.0000007748604,21.1999995082617,2.29999996647239));
#3498=CARTESIAN_POINT('',(50.9999988488853,22.1999995082617,2.29999996647239));
#3499=CARTESIAN_POINT('',(52.0000007748604,22.1999995082617,2.29999996647239));
#3500=CARTESIAN_POINT('Origin',(50.9999988488853,21.1999995082617,2.29999996647239));
#3501=CARTESIAN_POINT('Origin',(52.0000007748604,22.1999995082617,4.59999989718199));
#3502=CARTESIAN_POINT('',(52.0000007748604,22.1999995082617,3.79999989718199));
#3503=CARTESIAN_POINT('',(52.0000007748604,22.1999995082617,6.05000000447035));
#3504=CARTESIAN_POINT('',(50.9999988488853,22.1999995082617,3.79999989718199));
#3505=CARTESIAN_POINT('',(52.0000007748604,22.1999995082617,3.79999989718199));
#3506=CARTESIAN_POINT('',(50.9999988488853,22.1999995082617,-4.45000015199184));
#3507=CARTESIAN_POINT('Origin',(52.0000007748604,21.1999995082617,3.79999989718199));
#3508=CARTESIAN_POINT('',(52.0000007748604,21.1999995082617,4.79999989718199));
#3509=CARTESIAN_POINT('Origin',(52.0000007748604,21.1999995082617,3.79999989718199));
#3510=CARTESIAN_POINT('',(50.9999988488853,21.1999995082617,4.79999989718199));
#3511=CARTESIAN_POINT('',(52.0000007748604,21.1999995082617,4.79999989718199));
#3512=CARTESIAN_POINT('Origin',(50.9999988488853,21.1999995082617,3.79999989718199));
#3513=CARTESIAN_POINT('Origin',(52.0000007748604,12.9999997094274,4.79999989718199));
#3514=CARTESIAN_POINT('',(50.9999988488853,6.49999985471368,4.79999989718199));
#3515=CARTESIAN_POINT('',(52.0000007748604,6.49999985471368,4.79999989718199));
#3516=CARTESIAN_POINT('Origin',(50.9999988488853,0.,-13.5000002011657));
#3517=CARTESIAN_POINT('Origin',(5.99999986588955,8.49999981001019,7.50000011175871));
#3518=CARTESIAN_POINT('',(5.99999986588955,8.49999981001019,7.50000011175871));
#3519=CARTESIAN_POINT('',(5.99999986588955,4.2499999050051,7.50000011175871));
#3520=CARTESIAN_POINT('',(5.99999986588955,8.49999981001019,6.79999984800816));
#3521=CARTESIAN_POINT('Origin',(33.9999992400408,8.49999981001019,7.50000011175871));
#3522=CARTESIAN_POINT('',(16.3796630415052,8.49999981001019,7.50000011175871));
#3523=CARTESIAN_POINT('Origin',(52.0000007748604,0.,7.50000011175871));
#3524=CARTESIAN_POINT('',(52.0000007748604,0.,7.50000011175871));
#3525=CARTESIAN_POINT('Origin',(-1.24067315703033,0.,7.50000011175871));
#3526=CARTESIAN_POINT('Origin',(41.8718579015263,34.,-4.77939988259686));
#3527=CARTESIAN_POINT('',(42.1624769983858,34.,-4.3725331469935));
#3528=CARTESIAN_POINT('',(41.8718579015263,34.,-4.77939988259686));
#3529=CARTESIAN_POINT('',(41.4359292562369,34.,-5.38969998600192));
#3530=CARTESIAN_POINT('',(42.1624769983858,34.3,-4.3725331469935));
#3531=CARTESIAN_POINT('',(42.1624769983858,34.,-4.3725331469935));
#3532=CARTESIAN_POINT('',(41.8718579015263,34.3,-4.77939988259686));
#3533=CARTESIAN_POINT('',(41.0000006109476,34.3,-6.00000008940697));
#3534=CARTESIAN_POINT('',(41.8718579015263,34.,-4.77939988259686));
#3535=CARTESIAN_POINT('Origin',(41.0000006109476,34.,-6.00000008940697));
#3536=CARTESIAN_POINT('',(41.8718579015263,34.,-7.22060029621707));
#3537=CARTESIAN_POINT('Origin',(41.0000006109476,34.,-6.00000008940697));
#3538=CARTESIAN_POINT('',(41.8718579015263,34.3,-7.22060029621707));
#3539=CARTESIAN_POINT('Origin',(41.0000006109476,34.3,-6.00000008940697));
#3540=CARTESIAN_POINT('',(41.8718579015263,34.,-7.22060029621707));
#3541=CARTESIAN_POINT('Origin',(42.1624769983858,34.,-7.62746703182044));
#3542=CARTESIAN_POINT('',(42.1624769983858,34.,-7.62746703182044));
#3543=CARTESIAN_POINT('',(41.5812388046667,34.,-6.8137335606137));
#3544=CARTESIAN_POINT('',(42.1624769983858,34.3,-7.62746703182044));
#3545=CARTESIAN_POINT('',(43.5000006482005,34.3,-9.50000014156103));
#3546=CARTESIAN_POINT('',(42.1624769983858,34.,-7.62746703182044));
#3547=CARTESIAN_POINT('Origin',(41.0000006109476,34.,-6.00000008940697));
#3548=CARTESIAN_POINT('Origin',(41.0000006109476,34.,-6.00000008940697));
#3549=CARTESIAN_POINT('Origin',(41.0000006109476,34.3,-6.00000008940697));
#3550=CARTESIAN_POINT('Origin',(42.4359292562369,34.3,-6.00000008940697));
#3551=CARTESIAN_POINT('Origin',(39.4015955782201,34.,-8.23776713522549));
#3552=CARTESIAN_POINT('',(38.9656669329308,34.,-8.84806723863055));
#3553=CARTESIAN_POINT('',(39.4015955782201,34.,-8.23776713522549));
#3554=CARTESIAN_POINT('',(40.2007980945839,34.,-7.11888361231623));
#3555=CARTESIAN_POINT('',(38.9656669329308,34.3,-8.84806723863055));
#3556=CARTESIAN_POINT('',(38.9656669329308,34.,-8.84806723863055));
#3557=CARTESIAN_POINT('',(39.4015955782201,34.3,-8.23776713522549));
#3558=CARTESIAN_POINT('',(38.5000005736947,34.3,-9.50000014156103));
#3559=CARTESIAN_POINT('',(39.4015955782201,34.,-8.23776713522549));
#3560=CARTESIAN_POINT('Origin',(41.0000006109476,34.,-6.00000008940697));
#3561=CARTESIAN_POINT('',(39.4015955782201,34.,-3.76223304358845));
#3562=CARTESIAN_POINT('Origin',(41.0000006109476,34.,-6.00000008940697));
#3563=CARTESIAN_POINT('',(39.4015955782201,34.3,-3.76223304358845));
#3564=CARTESIAN_POINT('Origin',(41.0000006109476,34.3,-6.00000008940697));
#3565=CARTESIAN_POINT('',(39.4015955782201,34.,-3.76223304358845));
#3566=CARTESIAN_POINT('Origin',(38.9656669329308,34.,-3.15193294018339));
#3567=CARTESIAN_POINT('',(38.9656669329308,34.,-3.15193294018339));
#3568=CARTESIAN_POINT('',(39.9828337719392,34.,-4.57596651479518));
#3569=CARTESIAN_POINT('',(38.9656669329308,34.3,-3.15193294018339));
#3570=CARTESIAN_POINT('',(41.0000006109476,34.3,-6.00000008940697));
#3571=CARTESIAN_POINT('',(38.9656669329308,34.,-3.15193294018339));
#3572=CARTESIAN_POINT('Origin',(41.0000006109476,34.,-6.00000008940697));
#3573=CARTESIAN_POINT('Origin',(41.0000006109476,34.,-6.00000008940697));
#3574=CARTESIAN_POINT('Origin',(41.0000006109476,34.3,-6.00000008940697));
#3575=CARTESIAN_POINT('Origin',(38.4507980945838,34.3,-6.00000008940697));
#3576=CARTESIAN_POINT('Origin',(42.5984056436751,34.,-3.76223304358845));
#3577=CARTESIAN_POINT('',(43.0343342889644,34.,-3.15193294018339));
#3578=CARTESIAN_POINT('',(42.5984056436751,34.,-3.76223304358845));
#3579=CARTESIAN_POINT('',(41.7992031273114,34.,-4.88111656649771));
#3580=CARTESIAN_POINT('',(43.0343342889644,34.3,-3.15193294018339));
#3581=CARTESIAN_POINT('',(43.0343342889644,34.,-3.15193294018339));
#3582=CARTESIAN_POINT('',(42.5984056436751,34.3,-3.76223304358845));
#3583=CARTESIAN_POINT('',(41.0000006109476,34.3,-6.00000008940697));
#3584=CARTESIAN_POINT('',(42.5984056436751,34.,-3.76223304358845));
#3585=CARTESIAN_POINT('Origin',(41.0000006109476,34.,-6.00000008940697));
#3586=CARTESIAN_POINT('',(42.5984056436751,34.,-8.23776713522549));
#3587=CARTESIAN_POINT('Origin',(41.0000006109476,34.,-6.00000008940697));
#3588=CARTESIAN_POINT('',(42.5984056436751,34.3,-8.23776713522549));
#3589=CARTESIAN_POINT('Origin',(41.0000006109476,34.3,-6.00000008940697));
#3590=CARTESIAN_POINT('',(42.5984056436751,34.,-8.23776713522549));
#3591=CARTESIAN_POINT('Origin',(43.0343342889644,34.,-8.84806723863054));
#3592=CARTESIAN_POINT('',(43.0343342889644,34.,-8.84806723863054));
#3593=CARTESIAN_POINT('',(42.017167449956,34.,-7.42403366401875));
#3594=CARTESIAN_POINT('',(43.0343342889644,34.3,-8.84806723863054));
#3595=CARTESIAN_POINT('',(43.5000006482005,34.3,-9.50000014156103));
#3596=CARTESIAN_POINT('',(43.0343342889644,34.,-8.84806723863054));
#3597=CARTESIAN_POINT('Origin',(41.0000006109476,34.,-6.00000008940697));
#3598=CARTESIAN_POINT('Origin',(41.0000006109476,34.,-6.00000008940697));
#3599=CARTESIAN_POINT('Origin',(41.0000006109476,34.3,-6.00000008940697));
#3600=CARTESIAN_POINT('Origin',(43.5492031273114,34.3,-6.00000008940697));
#3601=CARTESIAN_POINT('Origin',(40.128143320369,34.,-7.22060029621707));
#3602=CARTESIAN_POINT('',(39.8375242235094,34.,-7.62746703182044));
#3603=CARTESIAN_POINT('',(40.128143320369,34.,-7.22060029621707));
#3604=CARTESIAN_POINT('',(40.5640719656583,34.,-6.61030019281202));
#3605=CARTESIAN_POINT('',(39.8375242235094,34.3,-7.62746703182044));
#3606=CARTESIAN_POINT('',(39.8375242235094,34.,-7.62746703182044));
#3607=CARTESIAN_POINT('',(40.128143320369,34.3,-7.22060029621707));
#3608=CARTESIAN_POINT('',(38.5000005736947,34.3,-9.50000014156103));
#3609=CARTESIAN_POINT('',(40.128143320369,34.,-7.22060029621707));
#3610=CARTESIAN_POINT('Origin',(41.0000006109476,34.,-6.00000008940697));
#3611=CARTESIAN_POINT('',(40.128143320369,34.,-4.77939988259686));
#3612=CARTESIAN_POINT('Origin',(41.0000006109476,34.,-6.00000008940697));
#3613=CARTESIAN_POINT('',(40.128143320369,34.3,-4.77939988259686));
#3614=CARTESIAN_POINT('Origin',(41.0000006109476,34.3,-6.00000008940697));
#3615=CARTESIAN_POINT('',(40.128143320369,34.,-4.77939988259686));
#3616=CARTESIAN_POINT('Origin',(39.8375242235094,34.,-4.3725331469935));
#3617=CARTESIAN_POINT('',(39.8375242235094,34.,-4.3725331469935));
#3618=CARTESIAN_POINT('',(40.4187624172285,34.,-5.18626661820023));
#3619=CARTESIAN_POINT('',(39.8375242235094,34.3,-4.3725331469935));
#3620=CARTESIAN_POINT('',(41.0000006109476,34.3,-6.00000008940697));
#3621=CARTESIAN_POINT('',(39.8375242235094,34.,-4.3725331469935));
#3622=CARTESIAN_POINT('Origin',(41.0000006109476,34.,-6.00000008940697));
#3623=CARTESIAN_POINT('Origin',(41.0000006109476,34.,-6.00000008940697));
#3624=CARTESIAN_POINT('Origin',(41.0000006109476,34.3,-6.00000008940697));
#3625=CARTESIAN_POINT('Origin',(39.5640719656583,34.3,-6.00000008940697));
#3626=CARTESIAN_POINT('Origin',(45.0000006705523,34.,-10.0000001490116));
#3627=CARTESIAN_POINT('',(45.0000006705523,34.,-10.0000001490116));
#3628=CARTESIAN_POINT('',(45.0000006705523,34.,-2.00000002980232));
#3629=CARTESIAN_POINT('',(45.0000006705523,34.,-10.0000001490116));
#3630=CARTESIAN_POINT('',(45.0000006705523,33.7,-2.00000002980232));
#3631=CARTESIAN_POINT('',(45.0000006705523,34.,-2.00000002980232));
#3632=CARTESIAN_POINT('',(45.0000006705523,33.7,-10.0000001490116));
#3633=CARTESIAN_POINT('',(45.0000006705523,33.7,-10.0000001490116));
#3634=CARTESIAN_POINT('',(45.0000006705523,34.,-10.0000001490116));
#3635=CARTESIAN_POINT('Origin',(37.000000551343,34.,-10.0000001490116));
#3636=CARTESIAN_POINT('',(37.000000551343,34.,-10.0000001490116));
#3637=CARTESIAN_POINT('',(37.000000551343,34.,-10.0000001490116));
#3638=CARTESIAN_POINT('',(37.000000551343,33.7,-10.0000001490116));
#3639=CARTESIAN_POINT('',(37.000000551343,33.7,-10.0000001490116));
#3640=CARTESIAN_POINT('',(37.000000551343,34.,-10.0000001490116));
#3641=CARTESIAN_POINT('Origin',(37.000000551343,34.,-2.00000002980232));
#3642=CARTESIAN_POINT('',(37.000000551343,34.,-2.00000002980232));
#3643=CARTESIAN_POINT('',(37.000000551343,34.,-2.00000002980232));
#3644=CARTESIAN_POINT('',(37.000000551343,33.7,-2.00000002980232));
#3645=CARTESIAN_POINT('',(37.000000551343,33.7,-2.00000002980232));
#3646=CARTESIAN_POINT('',(37.000000551343,34.,-2.00000002980232));
#3647=CARTESIAN_POINT('Origin',(45.0000006705523,34.,-2.00000002980232));
#3648=CARTESIAN_POINT('',(45.0000006705523,34.,-2.00000002980232));
#3649=CARTESIAN_POINT('',(45.0000006705523,33.7,-2.00000002980232));
#3650=CARTESIAN_POINT('Origin',(41.0000006109476,34.,-6.00000008940697));
#3651=CARTESIAN_POINT('Origin',(41.0000006109476,33.7,-6.00000008940697));
#3652=CARTESIAN_POINT('Origin',(25.3796707017518,17.0000002533197,-15.8962738934704));
#3653=CARTESIAN_POINT('',(0.257401303289777,34.0000005066395,-15.8962738934704));
#3654=CARTESIAN_POINT('',(50.5000007748604,34.0000005066395,-15.8962738934704));
#3655=CARTESIAN_POINT('',(12.8185360025208,34.0000005066395,-15.8962738934704));
#3656=CARTESIAN_POINT('',(52.0000007748604,32.5000005066395,-15.8962738934704));
#3657=CARTESIAN_POINT('Origin',(50.5000007748604,32.5000005066395,-15.8962738934704));
#3658=CARTESIAN_POINT('',(52.0000007748604,1.4966299842854,-15.8962738934704));
#3659=CARTESIAN_POINT('',(52.0000007748604,24.7500003799796,-15.8962738934704));
#3660=CARTESIAN_POINT('',(50.5000007748604,4.44089209850063E-15,-15.8962738934704));
#3661=CARTESIAN_POINT('Origin',(50.5000007748604,1.50000000000001,-15.8962738934704));
#3662=CARTESIAN_POINT('',(0.259326842969667,0.,-15.8962738934704));
#3663=CARTESIAN_POINT('',(37.9398357383061,3.33066907387547E-15,-15.8962738934704));
#3664=CARTESIAN_POINT('',(-1.24067315703033,1.5,-15.8962738934704));
#3665=CARTESIAN_POINT('Origin',(0.259326842969672,1.5,-15.8962738934704));
#3666=CARTESIAN_POINT('',(-1.24067315703033,32.5,-15.8962738934704));
#3667=CARTESIAN_POINT('',(-1.24067315703033,9.25000012665987,-15.8962738934704));
#3668=CARTESIAN_POINT('Origin',(0.259326842969665,32.5,-15.8962738934704));
#3669=CARTESIAN_POINT('Origin',(50.5000007748604,1.50000000000001,-14.3962738934704));
#3670=CARTESIAN_POINT('',(52.0000007748604,1.4966299842854,-14.3962738934704));
#3671=CARTESIAN_POINT('',(52.0000007748604,1.4966299842854,-15.3962738934704));
#3672=CARTESIAN_POINT('',(52.0000007748604,1.4966299842854,-14.3962738934704));
#3673=CARTESIAN_POINT('',(50.5000007748604,3.88578058618805E-15,-14.3962738934704));
#3674=CARTESIAN_POINT('Origin',(50.5000007748604,1.50000000000001,-14.3962738934704));
#3675=CARTESIAN_POINT('',(50.5000007748604,4.44089209850063E-15,-15.3962738934704));
#3676=CARTESIAN_POINT('',(52.0000007748604,1.4966299842854,-15.3962738934704));
#3677=CARTESIAN_POINT('Origin',(52.0000007748604,32.5000005066395,-14.3962738934704));
#3678=CARTESIAN_POINT('',(52.0000007748604,32.5000005066395,-14.3962738934704));
#3679=CARTESIAN_POINT('',(52.0000007748604,32.5000005066395,-15.3962738934704));
#3680=CARTESIAN_POINT('',(52.0000007748604,1.4966299842854,-14.3962738934704));
#3681=CARTESIAN_POINT('Origin',(50.5000007748604,32.5000005066395,-14.3962738934704));
#3682=CARTESIAN_POINT('',(50.5000007748604,34.0000005066395,-14.3962738934704));
#3683=CARTESIAN_POINT('',(50.5000007748604,34.0000005066395,-15.3962738934704));
#3684=CARTESIAN_POINT('Origin',(50.5000007748604,32.5000005066395,-14.3962738934704));
#3685=CARTESIAN_POINT('Origin',(0.257401303289777,34.0000005066395,-14.3962738934704));
#3686=CARTESIAN_POINT('',(0.257401303289777,34.0000005066395,-14.3962738934704));
#3687=CARTESIAN_POINT('',(0.257401303289777,34.0000005066395,-14.3962738934704));
#3688=CARTESIAN_POINT('',(50.5000007748604,34.0000005066395,-14.3962738934704));
#3689=CARTESIAN_POINT('Origin',(12.3749997066334,2.175,-13.0712738934704));
#3690=CARTESIAN_POINT('',(-0.500000007450581,2.,-13.2462738934704));
#3691=CARTESIAN_POINT('',(50.9999988488853,2.,-13.2462738934704));
#3692=CARTESIAN_POINT('',(12.3749997066334,2.,-13.2462738934704));
#3693=CARTESIAN_POINT('',(50.6499988488853,2.35,-12.8962738934704));
#3694=CARTESIAN_POINT('',(50.9999988488853,2.,-13.2462738934704));
#3695=CARTESIAN_POINT('',(-0.150000007450579,2.35,-12.8962738934704));
#3696=CARTESIAN_POINT('',(12.3749997066334,2.35,-12.8962738934704));
#3697=CARTESIAN_POINT('',(-0.150000007450579,2.35,-12.8962738934704));
#3698=CARTESIAN_POINT('Origin',(50.8249988488853,9.75,-13.0712738934704));
#3699=CARTESIAN_POINT('',(50.9999988488853,33.,-13.2462738934704));
#3700=CARTESIAN_POINT('',(50.9999988488853,9.75,-13.2462738934704));
#3701=CARTESIAN_POINT('',(50.6499988488853,32.65,-12.8962738934704));
#3702=CARTESIAN_POINT('',(50.9999988488853,33.,-13.2462738934704));
#3703=CARTESIAN_POINT('',(50.6499988488853,9.75,-12.8962738934704));
#3704=CARTESIAN_POINT('Origin',(-0.32500000745058,25.25,-13.0712738934704));
#3705=CARTESIAN_POINT('',(-0.150000007450579,32.65,-12.8962738934704));
#3706=CARTESIAN_POINT('',(-0.150000007450579,25.25,-12.8962738934704));
#3707=CARTESIAN_POINT('',(-0.500000007450581,33.,-13.2462738934704));
#3708=CARTESIAN_POINT('',(-0.150000007450579,32.65,-12.8962738934704));
#3709=CARTESIAN_POINT('',(-0.500000007450581,25.25,-13.2462738934704));
#3710=CARTESIAN_POINT('Origin',(38.1249991348013,32.825,-13.0712738934704));
#3711=CARTESIAN_POINT('',(38.1249991348013,33.,-13.2462738934704));
#3712=CARTESIAN_POINT('',(38.1249991348013,32.65,-12.8962738934704));
#3713=CARTESIAN_POINT('Origin',(50.9999988488853,2.,-14.3962738934704));
#3714=CARTESIAN_POINT('',(50.9999988488853,2.,-14.3962738934704));
#3715=CARTESIAN_POINT('',(50.9999988488853,2.,-14.3962738934704));
#3716=CARTESIAN_POINT('',(50.9999988488853,33.,-14.3962738934704));
#3717=CARTESIAN_POINT('',(50.9999988488853,9.50000012665987,-14.3962738934704));
#3718=CARTESIAN_POINT('',(50.9999988488853,33.,-14.3962738934704));
#3719=CARTESIAN_POINT('Origin',(-0.500000007450581,2.,-14.3962738934704));
#3720=CARTESIAN_POINT('',(-0.500000007450581,2.,-14.3962738934704));
#3721=CARTESIAN_POINT('',(-0.500000007450581,2.,-14.3962738934704));
#3722=CARTESIAN_POINT('',(12.4398353471506,2.,-14.3962738934704));
#3723=CARTESIAN_POINT('Origin',(25.2499994207174,17.5,-12.8962738934704));
#3724=CARTESIAN_POINT('',(50.2346840374709,32.2527809309094,-12.8962738934704));
#3725=CARTESIAN_POINT('',(0.232982862361366,32.2527809309094,-12.8962738934704));
#3726=CARTESIAN_POINT('',(12.7414911415394,32.2527809309094,-12.8962738934704));
#3727=CARTESIAN_POINT('',(50.2346840374709,2.72203901974508,-12.8962738934704));
#3728=CARTESIAN_POINT('',(50.2346840374709,24.8763904654547,-12.8962738934704));
#3729=CARTESIAN_POINT('',(0.232982862361366,2.72203901974508,-12.8962738934704));
#3730=CARTESIAN_POINT('',(37.7423417290942,2.72203901974508,-12.8962738934704));
#3731=CARTESIAN_POINT('',(0.232982862361368,10.1110195098725,-12.8962738934704));
#3732=CARTESIAN_POINT('Origin',(50.2346840374709,32.2527809309094,-14.3962738934704));
#3733=CARTESIAN_POINT('',(50.2346840374709,32.2527809309094,-14.3962738934704));
#3734=CARTESIAN_POINT('',(50.2346840374709,32.2527809309094,-14.3962738934704));
#3735=CARTESIAN_POINT('',(50.2346840374709,2.72203901974508,-14.3962738934704));
#3736=CARTESIAN_POINT('',(50.2346840374709,24.6263905921146,-14.3962738934704));
#3737=CARTESIAN_POINT('',(50.2346840374709,2.72203901974508,-14.3962738934704));
#3738=CARTESIAN_POINT('Origin',(0.232982862361366,32.2527809309094,-14.3962738934704));
#3739=CARTESIAN_POINT('',(0.232982862361367,32.2527809309094,-14.3962738934704));
#3740=CARTESIAN_POINT('',(0.232982862361367,32.2527809309094,-14.3962738934704));
#3741=CARTESIAN_POINT('',(12.8063267820566,32.2527809309094,-14.3962738934704));
#3742=CARTESIAN_POINT('Origin',(0.232982862361367,2.72203901974508,-14.3962738934704));
#3743=CARTESIAN_POINT('',(0.232982862361367,2.72203901974508,-14.3962738934704));
#3744=CARTESIAN_POINT('',(0.232982862361367,2.72203901974508,-14.3962738934704));
#3745=CARTESIAN_POINT('',(0.232982862361366,9.86101963653241,-14.3962738934704));
#3746=CARTESIAN_POINT('Origin',(50.2346840374709,2.72203901974508,-14.3962738934704));
#3747=CARTESIAN_POINT('',(37.8071773696113,2.72203901974508,-14.3962738934704));
#3748=CARTESIAN_POINT('Origin',(-0.500000007450581,33.,-14.3962738934704));
#3749=CARTESIAN_POINT('',(-0.500000007450581,33.,-14.3962738934704));
#3750=CARTESIAN_POINT('',(-0.500000007450581,33.,-14.3962738934704));
#3751=CARTESIAN_POINT('',(-0.500000007450581,25.0000001266599,-14.3962738934704));
#3752=CARTESIAN_POINT('Origin',(50.9999988488853,33.,-14.3962738934704));
#3753=CARTESIAN_POINT('',(38.1898347753185,33.,-14.3962738934704));
#3754=CARTESIAN_POINT('Origin',(25.3796707017518,17.0000002533197,-14.3962738934704));
#3755=CARTESIAN_POINT('',(-1.24067315703033,32.5,-14.3962738934704));
#3756=CARTESIAN_POINT('Origin',(0.259326842969665,32.5,-14.3962738934704));
#3757=CARTESIAN_POINT('',(-1.24067315703033,1.5,-14.3962738934704));
#3758=CARTESIAN_POINT('',(-1.24067315703033,1.5,-14.3962738934704));
#3759=CARTESIAN_POINT('',(0.259326842969667,0.,-14.3962738934704));
#3760=CARTESIAN_POINT('Origin',(0.259326842969672,1.5,-14.3962738934704));
#3761=CARTESIAN_POINT('',(50.5000007748604,3.88578058618805E-15,-14.3962738934704));
#3762=CARTESIAN_POINT('Origin',(0.259326842969665,32.5,-14.3962738934704));
#3763=CARTESIAN_POINT('',(-1.24067315703033,32.5,-14.3962738934704));
#3764=CARTESIAN_POINT('Origin',(-1.24067315703033,1.5,-14.3962738934704));
#3765=CARTESIAN_POINT('',(-1.24067315703033,1.5,-14.3962738934704));
#3766=CARTESIAN_POINT('Origin',(0.259326842969672,1.5,-14.3962738934704));
#3767=CARTESIAN_POINT('',(0.259326842969667,0.,-14.3962738934704));
#3768=CARTESIAN_POINT('Origin',(50.5000007748604,3.88578058618805E-15,-14.3962738934704));
#3769=CARTESIAN_POINT('Origin',(25.3796707017518,17.0000002533197,-14.3962738934704));
#3770=UNCERTAINTY_MEASURE_WITH_UNIT(LENGTH_MEASURE(0.01),#3774,
'DISTANCE_ACCURACY_VALUE',
'Maximum model space distance between geometric entities at asserted c
onnectivities');
#3771=UNCERTAINTY_MEASURE_WITH_UNIT(LENGTH_MEASURE(0.01),#3774,
'DISTANCE_ACCURACY_VALUE',
'Maximum model space distance between geometric entities at asserted c
onnectivities');
#3772=(
GEOMETRIC_REPRESENTATION_CONTEXT(3)
GLOBAL_UNCERTAINTY_ASSIGNED_CONTEXT((#3770))
GLOBAL_UNIT_ASSIGNED_CONTEXT((#3774,#3776,#3777))
REPRESENTATION_CONTEXT('','3D')
);
#3773=(
GEOMETRIC_REPRESENTATION_CONTEXT(3)
GLOBAL_UNCERTAINTY_ASSIGNED_CONTEXT((#3771))
GLOBAL_UNIT_ASSIGNED_CONTEXT((#3774,#3776,#3777))
REPRESENTATION_CONTEXT('','3D')
);
#3774=(
LENGTH_UNIT()
NAMED_UNIT(*)
SI_UNIT(.MILLI.,.METRE.)
);
#3775=(
LENGTH_UNIT()
NAMED_UNIT(*)
SI_UNIT($,.METRE.)
);
#3776=(
NAMED_UNIT(*)
PLANE_ANGLE_UNIT()
SI_UNIT($,.RADIAN.)
);
#3777=(
NAMED_UNIT(*)
SI_UNIT($,.STERADIAN.)
SOLID_ANGLE_UNIT()
);
#3778=SHAPE_DEFINITION_REPRESENTATION(#3779,#3780);
#3779=PRODUCT_DEFINITION_SHAPE('',$,#3782);
#3780=SHAPE_REPRESENTATION('',(#2319),#3772);
#3781=PRODUCT_DEFINITION_CONTEXT('part definition',#3786,'design');
#3782=PRODUCT_DEFINITION('(Unsaved)','(Unsaved)',#3783,#3781);
#3783=PRODUCT_DEFINITION_FORMATION('',$,#3788);
#3784=PRODUCT_RELATED_PRODUCT_CATEGORY('(Unsaved)','(Unsaved)',(#3788));
#3785=APPLICATION_PROTOCOL_DEFINITION('international standard',
'automotive_design',2009,#3786);
#3786=APPLICATION_CONTEXT(
'Core Data for Automotive Mechanical Design Process');
#3787=PRODUCT_CONTEXT('part definition',#3786,'mechanical');
#3788=PRODUCT('(Unsaved)','(Unsaved)',$,(#3787));
#3789=PRESENTATION_STYLE_ASSIGNMENT((#3793));
#3790=PRESENTATION_STYLE_ASSIGNMENT((#3794));
#3791=PRESENTATION_STYLE_ASSIGNMENT((#3795));
#3792=PRESENTATION_STYLE_ASSIGNMENT((#3796));
#3793=SURFACE_STYLE_USAGE(.BOTH.,#3797);
#3794=SURFACE_STYLE_USAGE(.BOTH.,#3798);
#3795=SURFACE_STYLE_USAGE(.BOTH.,#3799);
#3796=SURFACE_STYLE_USAGE(.BOTH.,#3800);
#3797=SURFACE_SIDE_STYLE('',(#3801));
#3798=SURFACE_SIDE_STYLE('',(#3802));
#3799=SURFACE_SIDE_STYLE('',(#3803));
#3800=SURFACE_SIDE_STYLE('',(#3804));
#3801=SURFACE_STYLE_FILL_AREA(#3805);
#3802=SURFACE_STYLE_FILL_AREA(#3806);
#3803=SURFACE_STYLE_FILL_AREA(#3807);
#3804=SURFACE_STYLE_FILL_AREA(#3808);
#3805=FILL_AREA_STYLE('Steel - Satin',(#3809));
#3806=FILL_AREA_STYLE('Aluminum - Anodized Glossy (Grey)',(#3810));
#3807=FILL_AREA_STYLE('Aluminum - Bead Blasted',(#3811));
#3808=FILL_AREA_STYLE('Powder Coat - Rough (Red)',(#3812));
#3809=FILL_AREA_STYLE_COLOUR('Steel - Satin',#3813);
#3810=FILL_AREA_STYLE_COLOUR('Aluminum - Anodized Glossy (Grey)',#3814);
#3811=FILL_AREA_STYLE_COLOUR('Aluminum - Bead Blasted',#3815);
#3812=FILL_AREA_STYLE_COLOUR('Powder Coat - Rough (Red)',#3816);
#3813=COLOUR_RGB('Steel - Satin',0.627450980392157,0.627450980392157,0.627450980392157);
#3814=COLOUR_RGB('Aluminum - Anodized Glossy (Grey)',0.537254901960784,
0.537254901960784,0.537254901960784);
#3815=COLOUR_RGB('Aluminum - Bead Blasted',0.96078431372549,0.96078431372549,
0.964705882352941);
#3816=COLOUR_RGB('Powder Coat - Rough (Red)',0.768627450980392,0.207843137254902,
0.152941176470588);
ENDSEC;
END-ISO-10303-21;
